first_name,middle_name,last_name,country_code,state,continent,lang_primar,lang_secondary,lang_tertiary,lang_quaternary,search_engine,link,category
Christian,,Pulisic,United States,,,,,,,,,
John,Anthony,Brooks,United States,,,,,,,,,
Tyler,,Adams,United States,,,,,,,,,
Weston,,McKennie,United States,,,,,,,,,
Zack,,Steffen,United States,,,,,,,,,
DeAndre,,Yedlin,United States,,,,,,,,,
Michael,,Bradley,United States,,,,,,,,,
Jozy,,Altidore,United States,,,,,,,,,
Fabian,,Johnson,United States,,,,,,,,,
Tyler,,Boyd,United States,,,,,,,,,
Aaron,,Long,United States,,,,,,,,,
Darlington,,Nagbe,United States,,,,,,,,,
Timothy,,Chandler,United States,,,,,,,,,
Bill,,Hamid,United States,,,,,,,,,
Luis,,Robles,United States,,,,,,,,,
Ike,,Opara,United States,,,,,,,,,
Alejandro,,Bedoya,United States,,,,,,,,,
Cristian,,Roldan,United States,,,,,,,,,
Matt,,Miazga,United States,,,,,,,,,
Tim,,Parker,United States,,,,,,,,,
Paul,Joseph,Hendricks,United States,,,,,,,,,
Walker,,Zimmerman,United States,,,,,,,,,
Dax,,McCarty,United States,,,,,,,,,
Lee,,Nguyen,United States,,,,,,,,,
Stefan,,Frei,United States,,,,,,,,,
Tim,,Melia,United States,,,,,,,,,
Matt,,Hedges,United States,,,,,,,,,
Russell,,Canouse,United States,,,,,,,,,
Ethan,,Horvath,United States,,,,,,,,,
Wil,,Trapp,United States,,,,,,,,,
Sean,,Johnson,United States,,,,,,,,,
Gyasi,,Zardes,United States,,,,,,,,,
Bradley,,Guzan,United States,,,,,,,,,
Benny,,Feilhaber,United States,,,,,,,,,
Mix,,Diskerud,United States,,,,,,,,,
Omar,Alejandro,González,United States,,,,,,,,,
Matt,,Besler,United States,,,,,,,,,
Tim,,Ream,United States,,,,,,,,,
Alfredo,,Morales,United States,,,,,,,,,
Aron,,Jóhannsson,United States,,,,,,,,,
Andrew,,Wooten,United States,,,,,,,,,
Kellyn,,Acosta,United States,,,,,,,,,
Jordan,,Morris,United States,,,,,,,,,
Sean,,Davis,United States,,,,,,,,,
Sebastian,,Lletget,United States,,,,,,,,,
Bobby,Shou,Wood,United States,,,,,,,,,
Nick,,Rimando,United States,,,,,,,,,
Tim,,Howard,United States,,,,,,,,,
Sacha,,Klještan,United States,,,,,,,,,
Geoff,,Cameron,United States,,,,,,,,,
Dom,,Dwyer,United States,,,,,,,,,
Reggie,,Cannon,United States,,,,,,,,,
Keaton,,Parks,United States,,,,,,,,,
Jeremy,,Ebobisse,United States,,,,,,,,,
Jackson,,Yueill,United States,,,,,,,,,
Keegan,,Rosenberry,United States,,,,,,,,,
Andrew,,Farrell,United States,,,,,,,,,
Steven,,Birnbaum,United States,,,,,,,,,
Kyle,,Beckerman,United States,,,,,,,,,
Michael,,Parkhurst,United States,,,,,,,,,
Jorge,Antonio,Villafaña,United States,,,,,,,,,
Kenneth,,Kronholm,United States,,,,,,,,,
Graham,,Zusi,United States,,,,,,,,,
Steve,,Clark,United States,,,,,,,,,
Gregory,Martin,Early,United States,,,,,,,,,
Joe,Benny,Crespín,United States,,,,,,,,,
Christian,,Ramirez,United States,,,,,,,,,
Paxton,,Pomykal,United States,,,,,,,,,
Timothy,,Weah,United States,,,,,,,,,
Cameron,,Carter-Vickers,United States,,,,,,,,,
Antonee,,Robinson,United States,,,,,,,,,
Justen,,Glad,United States,,,,,,,,,
Shaquell,,Moore,United States,,,,,,,,,
Jesse,,Gonzalez,United States,,,,,,,,,
Duane,,Holmes,United States,,,,,,,,,
Matt,,Turner,United States,,,,,,,,,
Nick,,Lima,United States,,,,,,,,,
Ventura,,Alvarado,United States,,,,,,,,,
Juan,,Agudelo,United States,,,,,,,,,
Joseph-Claude,,Gyau,United States,,,,,,,,,
Drew,,Moor,United States,,,,,,,,,
Chris,,Wondolowski,United States,,,,,,,,,
Eric,,Lichaj,United States,,,,,,,,,
Justin,,Morrow,United States,,,,,,,,,
Will,,Bruin,United States,,,,,,,,,
C.J.,,Sapong,United States,,,,,,,,,
Ethan,,Finlay,United States,,,,,,,,,
Auston,,Trusty,United States,,,,,,,,,
Emmanuel,,Sabbi,United States,,,,,,,,,
Miles,,Robinson,United States,,,,,,,,,
Julian,,Green,United States,,,,,,,,,
Lynden,,Gooch,United States,,,,,,,,,
Kekuta,,Manneh,United States,,,,,,,,,
Andrija,,Novakovich,United States,,,,,,,,,
Brendan,,Hines-Ike,United States,,,,,,,,,
Corey,,Baird,United States,,,,,,,,,
Tyler,,Miller,United States,,,,,,,,,
Perry,,Kitchen,United States,,,,,,,,,
David,,Bingham,United States,,,,,,,,,
Marky,,Delgado,United States,,,,,,,,,
David,,Romney,United States,,,,,,,,,
Daniel,,Steres,United States,,,,,,,,,
Kofi,,Opare,United States,,,,,,,,,
DaMarcus,,Beasley,United States,,,,,,,,,
Quentin,,Westberg,United States,,,,,,,,,
Jeff,,Larentowicz,United States,,,,,,,,,
Edgar,Eduardo,Carrillo,United States,,,,,,,,,
William,Paul,Story,United States,,,,,,,,,
Teal,,Bunbury,United States,,,,,,,,,
Jalil,,Anibaba,United States,,,,,,,,,
Josh,,Williams,United States,,,,,,,,,
Kelyn,,Rowe,United States,,,,,,,,,
Scott,,Caldwell,United States,,,,,,,,,
Miguel,,Ibarra,United States,,,,,,,,,
Fafà,,Picault,United States,,,,,,,,,
Josh,,Sargent,United States,,,,,,,,,
Chris,,Durkin,United States,,,,,,,,,
Sergiño,,Dest,United States,,,,,,,,,
Brooks,,Lennon,United States,,,,,,,,,
Romain,,Gall,United States,,,,,,,,,
Alex,,Muyl,United States,,,,,,,,,
Alexander,,Bono,United States,,,,,,,,,
Fatai,,Alashe,United States,,,,,,,,,
Matt,,Polster,United States,,,,,,,,,
Spencer,,Richey,United States,,,,,,,,,
Nick,,Besler,United States,,,,,,,,,
Eriq,,Zavaleta,United States,,,,,,,,,
Ben,,Sweat,United States,,,,,,,,,
Ricardo,,Clark,United States,,,,,,,,,
Shea,,Salinas,United States,,,,,,,,,
Chris,,Pontius,United States,,,,,,,,,
Bobby,,Shuttleworth,United States,,,,,,,,,
Tyler,,Deric,United States,,,,,,,,,
Jeff,,Attinella,United States,,,,,,,,,
Héctor,,Jiménez,United States,,,,,,,,,
Evan,,Bush,United States,,,,,,,,,
Luis,,Silva,United States,,,,,,,,,
Nick,,DeLeon,United States,,,,,,,,,
Daniel,,Lovitz,United States,,,,,,,,,
James,,Sands,United States,,,,,,,,,
Djordje,,Mihailovic,United States,,,,,,,,,
Jonathan,,Amon,United States,,,,,,,,,
Erik,,Palmer-Brown,United States,,,,,,,,,
Emerson,,Hyndman,United States,,,,,,,,,
Brian,,White,United States,,,,,,,,,
Alejandro,Eugenio,Pérez,United States,,,,,,,,,
Luis,Felipe,Rodrigues,United States,,,,,,,,,
Nick,,Hagglund,United States,,,,,,,,,
Jonathan,Rey,Bornstein,United States,,,,,,,,,
Jordan,,Harvey,United States,,,,,,,,,
Chris,,Seitz,United States,,,,,,,,,
Brad,,Knighton,United States,,,,,,,,,
Joe,,Willis,United States,,,,,,,,,
Donald,,Toia,United States,,,,,,,,,
Connor,,Lade,United States,,,,,,,,,
Raymon,,Gaddis,United States,,,,,,,,,
Haji,,Wright,United States,,,,,,,,,
Mark,,McKenzie,United States,,,,,,,,,
Joshua,,Pérez,United States,,,,,,,,,
Jacori,,Hayes,United States,,,,,,,,,
Aaron,,Herrera,United States,,,,,,,,,
Kortne,,Ford,United States,,,,,,,,,
Grant,,Lillard,United States,,,,,,,,,
Shane,,O'Neill,United States,,,,,,,,,
Alex,,Crognale,United States,,,,,,,,,
Marlon,,Hairston,United States,,,,,,,,,
Tommy,,Thompson,United States,,,,,,,,,
Jonathan,,Campbell,United States,,,,,,,,,
Luis,,Argudo,United States,,,,,,,,,
Eric,,Miller,United States,,,,,,,,,
Khiry,,Shelton,United States,,,,,,,,,
Sebastien,Uchechukwu,Ibeagha,United States,,,,,,,,,
Jon,,Kempin,United States,,,,,,,,,
Matt,,Lampson,United States,,,,,,,,,
Brent,,Kallman,United States,,,,,,,,,
Joe,,Bendik,United States,,,,,,,,,
Clint,,Irwin,United States,,,,,,,,,
Saad,,Abdul-Salaam,United States,,,,,,,,,
Quincy,Obina,Amarikwa,United States,,,,,,,,,
Eric,,Alexander,United States,,,,,,,,,
Seth,,Sinovic,United States,,,,,,,,,
Dillon,,Powers,United States,,,,,,,,,
Ryan,,Hollingshead,United States,,,,,,,,,
Harry,,Shipp,United States,,,,,,,,,
Patrick,,Mullins,United States,,,,,,,,,
Edwin,,Cerrillo,United States,,,,,,,,,
Brenden,,Aaronson,United States,,,,,,,,,
Jonathan,,Lewis,United States,,,,,,,,,
Luca,de,Torre,United States,,,,,,,,,
Christopher,,Mueller,United States,,,,,,,,,
Gedion,,Zelalem,United States,,,,,,,,,
Memo,,Rodriguez,United States,,,,,,,,,
Sebastián,Saucedo,Mondragón,United States,,,,,,,,,
Brandt,,Bronico,United States,,,,,,,,,
Brandon,,Bye,United States,,,,,,,,,
Justin,,Dhillon,United States,,,,,,,,,
Cody,,Cropper,United States,,,,,,,,,
Brian,,Rowe,United States,,,,,,,,,
Alec,,Kann,United States,,,,,,,,,
Servando,,Carrasco,United States,,,,,,,,,
Jimmy,,Maurer,United States,,,,,,,,,
Terrence,,Boyd,United States,,,,,,,,,
Brad,,Stuver,United States,,,,,,,,,
Thomas,,McNamara,United States,,,,,,,,,
RJ,,Allen,United States,,,,,,,,,
Gianluca,,Busio,United States,,,,,,,,,
Brandon,,Vazquez,United States,,,,,,,,,
Mason,,Toye,United States,,,,,,,,,
Joel,,Soñora,United States,,,,,,,,,
Maki,,Tall,United States,,,,,,,,,
Marco,,Farfan,United States,,,,,,,,,
Eryk,,Williamson,United States,,,,,,,,,
Graham,,Smith,United States,,,,,,,,,
Anthony,,Fontana,United States,,,,,,,,,
Tomas,,Hilliard-Arce,United States,,,,,,,,,
Donovan,,Pines,United States,,,,,,,,,
Desevio,,Payne,United States,,,,,,,,,
Tony,,Rocha,United States,,,,,,,,,
Mikey,,Ambrose,United States,,,,,,,,,
Andrew,,Tarbell,United States,,,,,,,,,
Connor,,Maloney,United States,,,,,,,,,
Anthony,,Beltran,United States,,,,,,,,,
Caleb,,Patterson-Sewell,United States,,,,,,,,,
Corben,,Bone,United States,,,,,,,,,
Erik,,Hurtado,United States,,,,,,,,,
Jaylin,,Lindsey,United States,,,,,,,,,
Omir,,Fernandez,United States,,,,,,,,,
Siad,,Haji,United States,,,,,,,,,
Frankie,,Amaya,United States,,,,,,,,,
Aboubacar,,Keita,United States,,,,,,,,,
Andrew,,Carleton,United States,,,,,,,,,
Matt,,Olosunde,United States,,,,,,,,,
Adrián,Zendejas,Rodríguez,United States,,,,,,,,,
Orrin,McKinze,Gaines,United States,,,,,,,,,
Wyatt,,Omsberg,United States,,,,,,,,,
Eric,,Calvillo,United States,,,,,,,,,
Alexander,,Roldan,United States,,,,,,,,,
Tom,,Barlow,United States,,,,,,,,,
Foster,,Langsdorf,United States,,,,,,,,,
Stefan,,Cleveland,United States,,,,,,,,,
Kevin,Wilson,Velasco,United States,,,,,,,,,
Caleb,,Stanko,United States,,,,,,,,,
Forrest,,Lasso,United States,,,,,,,,,
Brek,,Shea,United States,,,,,,,,,
Alex,,Horwath,United States,,,,,,,,,
Julian,,Araujo,United States,,,,,,,,,
Ayo,,Akinola,United States,,,,,,,,,
Jonathan,,Klinsmann,United States,,,,,,,,,
Kyle,,Duncan,United States,,,,,,,,,
Fernando,David,Juárez,United States,,,,,,,,,
DeJuan,,Jones,United States,,,,,,,,,
Jonathan,,Suárez,United States,,,,,,,,,
Sean,,Nealis,United States,,,,,,,,,
Henry,,Wingo,United States,,,,,,,,,
Ben,,Lundgaard,United States,,,,,,,,,
Andrew,,Putna,United States,,,,,,,,,
Jalen,,Robinson,United States,,,,,,,,,
Dillon,,Serna,United States,,,,,,,,,
Collin,,Martin,United States,,,,,,,,,
Earl,Edwards,Jr.,United States,,,,,,,,,
Brendan,,Moore,United States,,,,,,,,,
Kendall,Isaiah,McIntosh,United States,,,,,,,,,
Bryan,,Meredith,United States,,,,,,,,,
Justin,,Portillo,United States,,,,,,,,,
Kevin,,Garcia,United States,,,,,,,,,
Cole,,Bassett,United States,,,,,,,,,
Sebastian,,Soto,United States,,,,,,,,,
Marlon,,Fossey,United States,,,,,,,,,
Juan,,Torres,United States,,,,,,,,,
Wan,Kuzain,Kamal,United States,,,,,,,,,
James,,Marcinkowski,United States,,,,,,,,,
JJ,,Williams,United States,,,,,,,,,
Matt,,Real,United States,,,,,,,,,
Rece,,Buckmaster,United States,,,,,,,,,
Evan,,Louro,United States,,,,,,,,,
Jeremiah,,Gutjahr,United States,,,,,,,,,
Amando,,Moreno,United States,,,,,,,,,
Jordan,,Allen,United States,,,,,,,,,
Joshua,,Smith,United States,,,,,,,,,
George,,Bello,United States,,,,,,,,,
Benjamin,,Mines,United States,,,,,,,,,
Chris,,Richards,United States,,,,,,,,,
Brady,,Scott,United States,,,,,,,,,
Santiago,,Patiño,United States,,,,,,,,,
Chase,,Gasper,United States,,,,,,,,,
Matt,,Freese,United States,,,,,,,,,
Ethan,,Zubak,United States,,,,,,,,,
Chris,,Odoi-Atsem,United States,,,,,,,,,
Andrew,,Gutman,United States,,,,,,,,,
Niki,,Jackson,United States,,,,,,,,,
Adrien,,Perez,United States,,,,,,,,,
Kevin,,Partida,United States,,,,,,,,,
Jimmy,,McLaughlin,United States,,,,,,,,,
Alex,,DeJohn,United States,,,,,,,,,
Brandon,,Servania,United States,,,,,,,,,
Charlie,,Kelman,United States,,,,,,,,,
Samuel,,Vines,United States,,,,,,,,,
Justin,,Rennicks,United States,,,,,,,,,
Carter,,Manley,United States,,,,,,,,,
Erik,,Holt,United States,,,,,,,,,
Eric,,Dick,United States,,,,,,,,,
Tristan,,Blackmon,United States,,,,,,,,,
Lagos,,Kunga,United States,,,,,,,,,
Luis,,Barraza,United States,,,,,,,,,
Tate,,Schmitt,United States,,,,,,,,,
Justin,Vom,Steeg,United States,,,,,,,,,
Griffin,,Dorsey,United States,,,,,,,,,
Hassani,,Dotson,United States,,,,,,,,,
Michael,,Lansing,United States,,,,,,,,,
Eric,,Bird,United States,,,,,,,,,
Thomas,,Roberts,United States,,,,,,,,,
Benji,,Michel,United States,,,,,,,,,
Giles,,Phillips,United States,,,,,,,,,
Matt,,Bersano,United States,,,,,,,,,
Andre,,Rawls,United States,,,,,,,,,
Kyle,,Zobeck,United States,,,,,,,,,
Adam,,Grinwis,United States,,,,,,,,,
Chris,,Goslin,United States,,,,,,,,,
Isaac,,Angking,United States,,,,,,,,,
Jordan,,Adebayo-Smith,United States,,,,,,,,,
Giona,,Leibold,United States,,,,,,,,,
Andre,Reynolds,II,United States,,,,,,,,,
Trey,,Muse,United States,,,,,,,,,
Phillip,,Ejimadu,United States,,,,,,,,,
Cameron,,Lindley,United States,,,,,,,,,
Sam,,Junqua,United States,,,,,,,,,
Antonio,,Bustamante,United States,,,,,,,,,
Sam,,Raben,United States,,,,,,,,,
Gilbert,,Fuentes,United States,,,,,,,,,
Alfonso,,Ocampo-Chavez,United States,,,,,,,,,
Cameron,,Duke,United States,,,,,,,,,
Matt,,Hundley,United States,,,,,,,,,
David,,Ochoa,United States,,,,,,,,,
Kyle,,Smith,United States,,,,,,,,,
Luis,,Arriaga,United States,,,,,,,,,
John,,Nelson,United States,,,,,,,,,
Christian,,Cappis,United States,,,,,,,,,
Luis,,Zamudio,United States,,,,,,,,,
Yosef,,Samuel,United States,,,,,,,,,
Sebastian,,Anderson,United States,,,,,,,,,
Benjamin,,Machini,United States,,,,,,,,,
Michael,,Nelson,United States,,,,,,,,,
Jacob,,Akanyirige,United States,,,,,,,,,
Bryan,,Reynolds,United States,,,,,,,,,
Justin,,Haak,United States,,,,,,,,,
Don,Deedson,Louicius,United States,,,,,,,,,
Jimmy,,Hague,United States,,,,,,,,,
