first_name,last_name,state,middle_name,country,continent,lang_primar,lang_secondary,lang_tertiary,lang_quaternary,search_engine,link,category
ivey,kay,alabama,nan,united states,america,en,nan,nan,nan,nan,nan,politicians
dunleavy,mike,alaska,nan,united states,america,en,nan,nan,nan,nan,nan,politicians
ducey,douglas,arizona,nan,united states,america,en,nan,nan,nan,nan,nan,politicians
hutchinson,asa,arkansas,nan,united states,america,en,nan,nan,nan,nan,nan,politicians
newsom,gavin,california,nan,united states,america,en,nan,nan,nan,nan,nan,politicians
polis,jared,colorado,nan,united states,america,en,nan,nan,nan,nan,nan,politicians
lamont,edward,connecticut,nan,united states,america,en,nan,nan,nan,nan,nan,politicians
carney,john,delaware,nan,united states,america,en,nan,nan,nan,nan,nan,politicians
desantis,ronald,florida,nan,united states,america,en,nan,nan,nan,nan,nan,politicians
kemp,brian,georgia,nan,united states,america,en,nan,nan,nan,nan,nan,politicians
ige,david,hawaii,nan,united states,america,en,nan,nan,nan,nan,nan,politicians
little,brad,idaho,nan,united states,america,en,nan,nan,nan,nan,nan,politicians
pritzker,j.b.,illinois,nan,united states,america,en,nan,nan,nan,nan,nan,politicians
holcomb,eric,indiana,nan,united states,america,en,nan,nan,nan,nan,nan,politicians
reynolds,kimberly,iowa,nan,united states,america,en,nan,nan,nan,nan,nan,politicians
kelly,laura,kansas,nan,united states,america,en,nan,nan,nan,nan,nan,politicians
bevin,matthew,kentucky,nan,united states,america,en,nan,nan,nan,nan,nan,politicians
edwards,john,louisiana,nan,united states,america,en,nan,nan,nan,nan,nan,politicians
mills,janet,maine,nan,united states,america,en,nan,nan,nan,nan,nan,politicians
hogan,lawrence,maryland,nan,united states,america,en,nan,nan,nan,nan,nan,politicians
baker,charles,massachusetts,nan,united states,america,en,nan,nan,nan,nan,nan,politicians
whitmer,gretchen,michigan,nan,united states,america,en,nan,nan,nan,nan,nan,politicians
walz,tim,minnesota,nan,united states,america,en,nan,nan,nan,nan,nan,politicians
bryant,dewey,mississippi,nan,united states,america,en,nan,nan,nan,nan,nan,politicians
parson,michael,missouri,nan,united states,america,en,nan,nan,nan,nan,nan,politicians
bullock,stephen,montana,nan,united states,america,en,nan,nan,nan,nan,nan,politicians
ricketts,john,nebraska,nan,united states,america,en,nan,nan,nan,nan,nan,politicians
sisolak,steve,nevada,nan,united states,america,en,nan,nan,nan,nan,nan,politicians
sununu,christopher,new hampshire,nan,united states,america,en,nan,nan,nan,nan,nan,politicians
murphy,philip,new jersey,nan,united states,america,en,nan,nan,nan,nan,nan,politicians
lujan grisham,michelle,new mexico,nan,united states,america,en,nan,nan,nan,nan,nan,politicians
cuomo,andrew,new york,nan,united states,america,en,nan,nan,nan,nan,nan,politicians
cooper,roy,north carolina,nan,united states,america,en,nan,nan,nan,nan,nan,politicians
burgum,douglas,north dakota,nan,united states,america,en,nan,nan,nan,nan,nan,politicians
dewine,michael,ohio,nan,united states,america,en,nan,nan,nan,nan,nan,politicians
stitt,kevin,oklahoma,nan,united states,america,en,nan,nan,nan,nan,nan,politicians
brown,katherine,oregon,nan,united states,america,en,nan,nan,nan,nan,nan,politicians
wolf,thomas,pennsylvania,nan,united states,america,en,nan,nan,nan,nan,nan,politicians
raimondo,gina,rhode island,nan,united states,america,en,nan,nan,nan,nan,nan,politicians
mcmaster,henry,south carolina,nan,united states,america,en,nan,nan,nan,nan,nan,politicians
noem,kristi,south dakota,nan,united states,america,en,nan,nan,nan,nan,nan,politicians
lee,bill,tennessee,nan,united states,america,en,nan,nan,nan,nan,nan,politicians
abbott,gregory,texas,nan,united states,america,en,nan,nan,nan,nan,nan,politicians
herbert,gary,utah,nan,united states,america,en,nan,nan,nan,nan,nan,politicians
scott,philip,vermont,nan,united states,america,en,nan,nan,nan,nan,nan,politicians
northam,ralph,virginia,nan,united states,america,en,nan,nan,nan,nan,nan,politicians
inslee,jay,washington,nan,united states,america,en,nan,nan,nan,nan,nan,politicians
justice,james,west virginia,nan,united states,america,en,nan,nan,nan,nan,nan,politicians
evers,tony,wisconsin,nan,united states,america,en,nan,nan,nan,nan,nan,politicians
gordon,mark,wyoming,nan,united states,america,en,nan,nan,nan,nan,nan,politicians
abraham,ralph,louisiana,nan,united states,america,en,nan,nan,nan,nan,nan,politicians
adams,alma,north carolina,nan,united states,america,en,nan,nan,nan,nan,nan,politicians
aderholt,robert,alabama,nan,united states,america,en,nan,nan,nan,nan,nan,politicians
aguilar,pete,california,nan,united states,america,en,nan,nan,nan,nan,nan,politicians
alexander,lamar,tennessee,nan,united states,america,en,nan,nan,nan,nan,nan,politicians
allen,rick,georgia,nan,united states,america,en,nan,nan,nan,nan,nan,politicians
allred,colin,texas,nan,united states,america,en,nan,nan,nan,nan,nan,politicians
amash,justin,michigan,nan,united states,america,en,nan,nan,nan,nan,nan,politicians
amodei,mark,nevada,nan,united states,america,en,nan,nan,nan,nan,nan,politicians
armstrong,kelly,north dakota,nan,united states,america,en,nan,nan,nan,nan,nan,politicians
arrington,jodey,texas,nan,united states,america,en,nan,nan,nan,nan,nan,politicians
axne,cynthia,iowa,nan,united states,america,en,nan,nan,nan,nan,nan,politicians
babin,brian,texas,nan,united states,america,en,nan,nan,nan,nan,nan,politicians
bacon,don,nebraska,nan,united states,america,en,nan,nan,nan,nan,nan,politicians
baird,james,indiana,nan,united states,america,en,nan,nan,nan,nan,nan,politicians
balderson,troy,ohio,nan,united states,america,en,nan,nan,nan,nan,nan,politicians
baldwin,tammy,wisconsin,nan,united states,america,en,nan,nan,nan,nan,nan,politicians
banks,jim,indiana,nan,united states,america,en,nan,nan,nan,nan,nan,politicians
barr,garland“andy”,kentucky,nan,united states,america,en,nan,nan,nan,nan,nan,politicians
barragán,nanette,california,nan,united states,america,en,nan,nan,nan,nan,nan,politicians
barrasso,john,wyoming,nan,united states,america,en,nan,nan,nan,nan,nan,politicians
bass,karen,california,nan,united states,america,en,nan,nan,nan,nan,nan,politicians
beatty,joyce,ohio,nan,united states,america,en,nan,nan,nan,nan,nan,politicians
bennet,michael,colorado,nan,united states,america,en,nan,nan,nan,nan,nan,politicians
bera,ami,california,nan,united states,america,en,nan,nan,nan,nan,nan,politicians
bergman,jack,michigan,nan,united states,america,en,nan,nan,nan,nan,nan,politicians
beyer,donald,virginia,nan,united states,america,en,nan,nan,nan,nan,nan,politicians
biggs,andy,arizona,nan,united states,america,en,nan,nan,nan,nan,nan,politicians
bilirakis,gus,florida,nan,united states,america,en,nan,nan,nan,nan,nan,politicians
bishop,dan,north carolina,nan,united states,america,en,nan,nan,nan,nan,nan,politicians
bishop,rob,utah,nan,united states,america,en,nan,nan,nan,nan,nan,politicians
bishop,sanford,georgia,nan,united states,america,en,nan,nan,nan,nan,nan,politicians
blackburn,marsha,tennessee,nan,united states,america,en,nan,nan,nan,nan,nan,politicians
blumenauer,earl,oregon,nan,united states,america,en,nan,nan,nan,nan,nan,politicians
blumenthal,richard,connecticut,nan,united states,america,en,nan,nan,nan,nan,nan,politicians
bluntrochester,lisa,delaware,nan,united states,america,en,nan,nan,nan,nan,nan,politicians
blunt,roy,missouri,nan,united states,america,en,nan,nan,nan,nan,nan,politicians
bonamici,suzanne,oregon,nan,united states,america,en,nan,nan,nan,nan,nan,politicians
booker,cory,new jersey,nan,united states,america,en,nan,nan,nan,nan,nan,politicians
boozman,john,arkansas,nan,united states,america,en,nan,nan,nan,nan,nan,politicians
bost,mike,illinois,nan,united states,america,en,nan,nan,nan,nan,nan,politicians
boyle,brendan,pennsylvania,nan,united states,america,en,nan,nan,nan,nan,nan,politicians
brady,kevin,texas,nan,united states,america,en,nan,nan,nan,nan,nan,politicians
braun,mike,indiana,nan,united states,america,en,nan,nan,nan,nan,nan,politicians
brindisi,anthony,new york,nan,united states,america,en,nan,nan,nan,nan,nan,politicians
brooks,mo,alabama,nan,united states,america,en,nan,nan,nan,nan,nan,politicians
brooks,susan,indiana,nan,united states,america,en,nan,nan,nan,nan,nan,politicians
brown,anthony,maryland,nan,united states,america,en,nan,nan,nan,nan,nan,politicians
brown,sherrod,ohio,nan,united states,america,en,nan,nan,nan,nan,nan,politicians
brownley,julia,california,nan,united states,america,en,nan,nan,nan,nan,nan,politicians
buchanan,vern,florida,nan,united states,america,en,nan,nan,nan,nan,nan,politicians
buck,ken,colorado,nan,united states,america,en,nan,nan,nan,nan,nan,politicians
bucshon,larry,indiana,nan,united states,america,en,nan,nan,nan,nan,nan,politicians
budd,ted,north carolina,nan,united states,america,en,nan,nan,nan,nan,nan,politicians
burchett,tim,tennessee,nan,united states,america,en,nan,nan,nan,nan,nan,politicians
burgess,michael,texas,nan,united states,america,en,nan,nan,nan,nan,nan,politicians
burr,richard,north carolina,nan,united states,america,en,nan,nan,nan,nan,nan,politicians
bustos,cheri,illinois,nan,united states,america,en,nan,nan,nan,nan,nan,politicians
butterfield,george“g.k.”,north carolina,nan,united states,america,en,nan,nan,nan,nan,nan,politicians
byrne,bradley,alabama,nan,united states,america,en,nan,nan,nan,nan,nan,politicians
calvert,ken,california,nan,united states,america,en,nan,nan,nan,nan,nan,politicians
cantwell,maria,washington,nan,united states,america,en,nan,nan,nan,nan,nan,politicians
capito,shelley,virginia,nan,united states,america,en,nan,nan,nan,nan,nan,politicians
carbajal,salud,california,nan,united states,america,en,nan,nan,nan,nan,nan,politicians
cardin,benjamin,maryland,nan,united states,america,en,nan,nan,nan,nan,nan,politicians
carper,thomas,delaware,nan,united states,america,en,nan,nan,nan,nan,nan,politicians
carson,andré,indiana,nan,united states,america,en,nan,nan,nan,nan,nan,politicians
carter,buddy,georgia,nan,united states,america,en,nan,nan,nan,nan,nan,politicians
carter,john,texas,nan,united states,america,en,nan,nan,nan,nan,nan,politicians
cartwright,matthew,pennsylvania,nan,united states,america,en,nan,nan,nan,nan,nan,politicians
case,ed,hawaii,nan,united states,america,en,nan,nan,nan,nan,nan,politicians
casey,robert“bob”,pennsylvania,nan,united states,america,en,nan,nan,nan,nan,nan,politicians
cassidy,bill,louisiana,nan,united states,america,en,nan,nan,nan,nan,nan,politicians
casten,sean,illinois,nan,united states,america,en,nan,nan,nan,nan,nan,politicians
castor,kathy,florida,nan,united states,america,en,nan,nan,nan,nan,nan,politicians
castro,joaquin,texas,nan,united states,america,en,nan,nan,nan,nan,nan,politicians
chabot,steve,ohio,nan,united states,america,en,nan,nan,nan,nan,nan,politicians
cheney,liz,wyoming,nan,united states,america,en,nan,nan,nan,nan,nan,politicians
chu,judy,california,nan,united states,america,en,nan,nan,nan,nan,nan,politicians
cicilline,david,rhode island,nan,united states,america,en,nan,nan,nan,nan,nan,politicians
cisneros,gilbert,california,nan,united states,america,en,nan,nan,nan,nan,nan,politicians
clark,katherine,massachusetts,nan,united states,america,en,nan,nan,nan,nan,nan,politicians
clarke,yvette,new york,nan,united states,america,en,nan,nan,nan,nan,nan,politicians
clay,lacy,missouri,nan,united states,america,en,nan,nan,nan,nan,nan,politicians
cleaver,emanuel,missouri,nan,united states,america,en,nan,nan,nan,nan,nan,politicians
cline,ben,virginia,nan,united states,america,en,nan,nan,nan,nan,nan,politicians
cloud,michael,texas,nan,united states,america,en,nan,nan,nan,nan,nan,politicians
clyburn,james“jim”,south carolina,nan,united states,america,en,nan,nan,nan,nan,nan,politicians
cohen,steve,tennessee,nan,united states,america,en,nan,nan,nan,nan,nan,politicians
cole,tom,oklahoma,nan,united states,america,en,nan,nan,nan,nan,nan,politicians
collins,doug,georgia,nan,united states,america,en,nan,nan,nan,nan,nan,politicians
collins,susan,maine,nan,united states,america,en,nan,nan,nan,nan,nan,politicians
comer,james,kentucky,nan,united states,america,en,nan,nan,nan,nan,nan,politicians
conaway,michael,texas,nan,united states,america,en,nan,nan,nan,nan,nan,politicians
connolly,gerald,virginia,nan,united states,america,en,nan,nan,nan,nan,nan,politicians
cook,paul,california,nan,united states,america,en,nan,nan,nan,nan,nan,politicians
coons,chris,delaware,nan,united states,america,en,nan,nan,nan,nan,nan,politicians
cooper,jim,tennessee,nan,united states,america,en,nan,nan,nan,nan,nan,politicians
cornyn,john,texas,nan,united states,america,en,nan,nan,nan,nan,nan,politicians
correa,luis,california,nan,united states,america,en,nan,nan,nan,nan,nan,politicians
cortezmasto,catherine,nevada,nan,united states,america,en,nan,nan,nan,nan,nan,politicians
costa,jim,california,nan,united states,america,en,nan,nan,nan,nan,nan,politicians
cotton,tom,arkansas,nan,united states,america,en,nan,nan,nan,nan,nan,politicians
courtney,joe,connecticut,nan,united states,america,en,nan,nan,nan,nan,nan,politicians
cox,tj,california,nan,united states,america,en,nan,nan,nan,nan,nan,politicians
craig,angie,minnesota,nan,united states,america,en,nan,nan,nan,nan,nan,politicians
cramer,kevin,north dakota,nan,united states,america,en,nan,nan,nan,nan,nan,politicians
crapo,michael,idaho,nan,united states,america,en,nan,nan,nan,nan,nan,politicians
crawford,eric“rick”,arkansas,nan,united states,america,en,nan,nan,nan,nan,nan,politicians
crenshaw,dan,texas,nan,united states,america,en,nan,nan,nan,nan,nan,politicians
crist,charlie,florida,nan,united states,america,en,nan,nan,nan,nan,nan,politicians
crow,jason,colorado,nan,united states,america,en,nan,nan,nan,nan,nan,politicians
cruz,ted,texas,nan,united states,america,en,nan,nan,nan,nan,nan,politicians
cuellar,henry,texas,nan,united states,america,en,nan,nan,nan,nan,nan,politicians
cunningham,joe,south carolina,nan,united states,america,en,nan,nan,nan,nan,nan,politicians
curtis,john,utah,nan,united states,america,en,nan,nan,nan,nan,nan,politicians
cárdenas,tony,california,nan,united states,america,en,nan,nan,nan,nan,nan,politicians
daines,steve,montana,nan,united states,america,en,nan,nan,nan,nan,nan,politicians
davids,sharice,kansas,nan,united states,america,en,nan,nan,nan,nan,nan,politicians
davidson,warren,ohio,nan,united states,america,en,nan,nan,nan,nan,nan,politicians
davis,danny,illinois,nan,united states,america,en,nan,nan,nan,nan,nan,politicians
davis,rodney,illinois,nan,united states,america,en,nan,nan,nan,nan,nan,politicians
davis,susan,california,nan,united states,america,en,nan,nan,nan,nan,nan,politicians
defazio,peter,oregon,nan,united states,america,en,nan,nan,nan,nan,nan,politicians
degette,diana,colorado,nan,united states,america,en,nan,nan,nan,nan,nan,politicians
delauro,rosa,connecticut,nan,united states,america,en,nan,nan,nan,nan,nan,politicians
desaulnier,mark,california,nan,united states,america,en,nan,nan,nan,nan,nan,politicians
dean,madeleine,pennsylvania,nan,united states,america,en,nan,nan,nan,nan,nan,politicians
delbene,suzan,washington,nan,united states,america,en,nan,nan,nan,nan,nan,politicians
delgado,antonio,new york,nan,united states,america,en,nan,nan,nan,nan,nan,politicians
demings,val,florida,nan,united states,america,en,nan,nan,nan,nan,nan,politicians
desjarlais,scott,tennessee,nan,united states,america,en,nan,nan,nan,nan,nan,politicians
deutch,theodore“ted”,florida,nan,united states,america,en,nan,nan,nan,nan,nan,politicians
diaz-balart,mario,florida,nan,united states,america,en,nan,nan,nan,nan,nan,politicians
dingell,debbie,michigan,nan,united states,america,en,nan,nan,nan,nan,nan,politicians
doggett,lloyd,texas,nan,united states,america,en,nan,nan,nan,nan,nan,politicians
doyle,michael“mike”,pennsylvania,nan,united states,america,en,nan,nan,nan,nan,nan,politicians
duckworth,tammy,illinois,nan,united states,america,en,nan,nan,nan,nan,nan,politicians
duncan,jeff,south carolina,nan,united states,america,en,nan,nan,nan,nan,nan,politicians
dunn,neal,florida,nan,united states,america,en,nan,nan,nan,nan,nan,politicians
durbin,richard,illinois,nan,united states,america,en,nan,nan,nan,nan,nan,politicians
emmer,tom,minnesota,nan,united states,america,en,nan,nan,nan,nan,nan,politicians
engel,eliot,new york,nan,united states,america,en,nan,nan,nan,nan,nan,politicians
enzi,michael,wyoming,nan,united states,america,en,nan,nan,nan,nan,nan,politicians
ernst,joni,iowa,nan,united states,america,en,nan,nan,nan,nan,nan,politicians
escobar,veronica,texas,nan,united states,america,en,nan,nan,nan,nan,nan,politicians
eshoo,anna,california,nan,united states,america,en,nan,nan,nan,nan,nan,politicians
espaillat,adriano,new york,nan,united states,america,en,nan,nan,nan,nan,nan,politicians
estes,ron,kansas,nan,united states,america,en,nan,nan,nan,nan,nan,politicians
evans,dwight,pennsylvania,nan,united states,america,en,nan,nan,nan,nan,nan,politicians
feinstein,dianne,california,nan,united states,america,en,nan,nan,nan,nan,nan,politicians
ferguson,drew,georgia,nan,united states,america,en,nan,nan,nan,nan,nan,politicians
finkenauer,abby,iowa,nan,united states,america,en,nan,nan,nan,nan,nan,politicians
fischer,deb,nebraska,nan,united states,america,en,nan,nan,nan,nan,nan,politicians
fitzpatrick,brian,pennsylvania,nan,united states,america,en,nan,nan,nan,nan,nan,politicians
fleischmann,charles“chuck”,tennessee,nan,united states,america,en,nan,nan,nan,nan,nan,politicians
fletcher,lizzie,texas,nan,united states,america,en,nan,nan,nan,nan,nan,politicians
flores,bill,texas,nan,united states,america,en,nan,nan,nan,nan,nan,politicians
fortenberry,jeff,nebraska,nan,united states,america,en,nan,nan,nan,nan,nan,politicians
foster,bill,illinois,nan,united states,america,en,nan,nan,nan,nan,nan,politicians
foxx,virginia,north carolina,nan,united states,america,en,nan,nan,nan,nan,nan,politicians
frankel,lois,florida,nan,united states,america,en,nan,nan,nan,nan,nan,politicians
fudge,marcia,ohio,nan,united states,america,en,nan,nan,nan,nan,nan,politicians
fulcher,russ,idaho,nan,united states,america,en,nan,nan,nan,nan,nan,politicians
gabbard,tulsi,hawaii,nan,united states,america,en,nan,nan,nan,nan,nan,politicians
gaetz,matt,florida,nan,united states,america,en,nan,nan,nan,nan,nan,politicians
gallagher,mike,wisconsin,nan,united states,america,en,nan,nan,nan,nan,nan,politicians
gallego,ruben,arizona,nan,united states,america,en,nan,nan,nan,nan,nan,politicians
garamendi,john,california,nan,united states,america,en,nan,nan,nan,nan,nan,politicians
garcia,mike,california,nan,united states,america,en,nan,nan,nan,nan,nan,politicians
garcia,sylvia,texas,nan,united states,america,en,nan,nan,nan,nan,nan,politicians
garcía,jesús,illinois,nan,united states,america,en,nan,nan,nan,nan,nan,politicians
gardner,cory,colorado,nan,united states,america,en,nan,nan,nan,nan,nan,politicians
gianforte,greg,montana,nan,united states,america,en,nan,nan,nan,nan,nan,politicians
gibbs,bob,ohio,nan,united states,america,en,nan,nan,nan,nan,nan,politicians
gillibrand,kirsten,new york,nan,united states,america,en,nan,nan,nan,nan,nan,politicians
gohmert,louie,texas,nan,united states,america,en,nan,nan,nan,nan,nan,politicians
golden,jared,maine,nan,united states,america,en,nan,nan,nan,nan,nan,politicians
gomez,jimmy,california,nan,united states,america,en,nan,nan,nan,nan,nan,politicians
gonzalez,anthony,ohio,nan,united states,america,en,nan,nan,nan,nan,nan,politicians
gonzalez,vicente,texas,nan,united states,america,en,nan,nan,nan,nan,nan,politicians
gooden,lance,texas,nan,united states,america,en,nan,nan,nan,nan,nan,politicians
gosar,paul,arizona,nan,united states,america,en,nan,nan,nan,nan,nan,politicians
gottheimer,josh,new jersey,nan,united states,america,en,nan,nan,nan,nan,nan,politicians
graham,lindsey,south carolina,nan,united states,america,en,nan,nan,nan,nan,nan,politicians
granger,kay,texas,nan,united states,america,en,nan,nan,nan,nan,nan,politicians
grassley,charles“chuck”,iowa,nan,united states,america,en,nan,nan,nan,nan,nan,politicians
graves,garret,louisiana,nan,united states,america,en,nan,nan,nan,nan,nan,politicians
graves,sam,missouri,nan,united states,america,en,nan,nan,nan,nan,nan,politicians
graves,tom,georgia,nan,united states,america,en,nan,nan,nan,nan,nan,politicians
green,al,texas,nan,united states,america,en,nan,nan,nan,nan,nan,politicians
green,mark,tennessee,nan,united states,america,en,nan,nan,nan,nan,nan,politicians
griffith,morgan,virginia,nan,united states,america,en,nan,nan,nan,nan,nan,politicians
grijalva,raúl,arizona,nan,united states,america,en,nan,nan,nan,nan,nan,politicians
grothman,glenn,wisconsin,nan,united states,america,en,nan,nan,nan,nan,nan,politicians
guest,michael,mississippi,nan,united states,america,en,nan,nan,nan,nan,nan,politicians
guthrie,brett,kentucky,nan,united states,america,en,nan,nan,nan,nan,nan,politicians
haaland,debra,new mexico,nan,united states,america,en,nan,nan,nan,nan,nan,politicians
hagedorn,jim,minnesota,nan,united states,america,en,nan,nan,nan,nan,nan,politicians
harder,josh,california,nan,united states,america,en,nan,nan,nan,nan,nan,politicians
harris,andy,maryland,nan,united states,america,en,nan,nan,nan,nan,nan,politicians
harris,kamala,california,nan,united states,america,en,nan,nan,nan,nan,nan,politicians
hartzler,vicky,missouri,nan,united states,america,en,nan,nan,nan,nan,nan,politicians
hassan,margaret“maggie”,new hampshire,nan,united states,america,en,nan,nan,nan,nan,nan,politicians
hastings,alcee,florida,nan,united states,america,en,nan,nan,nan,nan,nan,politicians
hawley,joshua,missouri,nan,united states,america,en,nan,nan,nan,nan,nan,politicians
hayes,jahana,connecticut,nan,united states,america,en,nan,nan,nan,nan,nan,politicians
heck,denny,washington,nan,united states,america,en,nan,nan,nan,nan,nan,politicians
heinrich,martin,new mexico,nan,united states,america,en,nan,nan,nan,nan,nan,politicians
hern,kevin,oklahoma,nan,united states,america,en,nan,nan,nan,nan,nan,politicians
herrerabeutler,jaime,washington,nan,united states,america,en,nan,nan,nan,nan,nan,politicians
hice,jody,georgia,nan,united states,america,en,nan,nan,nan,nan,nan,politicians
higgins,brian,new york,nan,united states,america,en,nan,nan,nan,nan,nan,politicians
higgins,clay,louisiana,nan,united states,america,en,nan,nan,nan,nan,nan,politicians
hill,french,arkansas,nan,united states,america,en,nan,nan,nan,nan,nan,politicians
himes,james,connecticut,nan,united states,america,en,nan,nan,nan,nan,nan,politicians
hirono,mazie,hawaii,nan,united states,america,en,nan,nan,nan,nan,nan,politicians
hoeven,john,north dakota,nan,united states,america,en,nan,nan,nan,nan,nan,politicians
holding,george,north carolina,nan,united states,america,en,nan,nan,nan,nan,nan,politicians
hollingsworth,trey,indiana,nan,united states,america,en,nan,nan,nan,nan,nan,politicians
horn,kendra,oklahoma,nan,united states,america,en,nan,nan,nan,nan,nan,politicians
horsford,steven,nevada,nan,united states,america,en,nan,nan,nan,nan,nan,politicians
houlahan,chrissy,pennsylvania,nan,united states,america,en,nan,nan,nan,nan,nan,politicians
hoyer,steny,maryland,nan,united states,america,en,nan,nan,nan,nan,nan,politicians
hudson,richard,north carolina,nan,united states,america,en,nan,nan,nan,nan,nan,politicians
huffman,jared,california,nan,united states,america,en,nan,nan,nan,nan,nan,politicians
huizenga,bill,michigan,nan,united states,america,en,nan,nan,nan,nan,nan,politicians
hurd,will,texas,nan,united states,america,en,nan,nan,nan,nan,nan,politicians
hyde-smith,cindy,mississippi,nan,united states,america,en,nan,nan,nan,nan,nan,politicians
inhofe,james“jim”,oklahoma,nan,united states,america,en,nan,nan,nan,nan,nan,politicians
jacksonlee,sheila,texas,nan,united states,america,en,nan,nan,nan,nan,nan,politicians
jacobs,chris,new york,nan,united states,america,en,nan,nan,nan,nan,nan,politicians
jayapal,pramila,washington,nan,united states,america,en,nan,nan,nan,nan,nan,politicians
jeffries,hakeem,new york,nan,united states,america,en,nan,nan,nan,nan,nan,politicians
johnson,bill,ohio,nan,united states,america,en,nan,nan,nan,nan,nan,politicians
johnson,dusty,south dakota,nan,united states,america,en,nan,nan,nan,nan,nan,politicians
johnson,eddie,texas,nan,united states,america,en,nan,nan,nan,nan,nan,politicians
johnson,henry“hank”,georgia,nan,united states,america,en,nan,nan,nan,nan,nan,politicians
johnson,mike,louisiana,nan,united states,america,en,nan,nan,nan,nan,nan,politicians
johnson,ron,wisconsin,nan,united states,america,en,nan,nan,nan,nan,nan,politicians
jones,doug,alabama,nan,united states,america,en,nan,nan,nan,nan,nan,politicians
jordan,jim,ohio,nan,united states,america,en,nan,nan,nan,nan,nan,politicians
joyce,david,ohio,nan,united states,america,en,nan,nan,nan,nan,nan,politicians
joyce,john,pennsylvania,nan,united states,america,en,nan,nan,nan,nan,nan,politicians
kaine,timothy“tim”,virginia,nan,united states,america,en,nan,nan,nan,nan,nan,politicians
kaptur,marcy,ohio,nan,united states,america,en,nan,nan,nan,nan,nan,politicians
katko,john,new york,nan,united states,america,en,nan,nan,nan,nan,nan,politicians
keating,william,massachusetts,nan,united states,america,en,nan,nan,nan,nan,nan,politicians
keller,fred,pennsylvania,nan,united states,america,en,nan,nan,nan,nan,nan,politicians
kelly,mike,pennsylvania,nan,united states,america,en,nan,nan,nan,nan,nan,politicians
kelly,robin,illinois,nan,united states,america,en,nan,nan,nan,nan,nan,politicians
kelly,trent,mississippi,nan,united states,america,en,nan,nan,nan,nan,nan,politicians
kennedy,john,louisiana,nan,united states,america,en,nan,nan,nan,nan,nan,politicians
kennedy,joseph,massachusetts,nan,united states,america,en,nan,nan,nan,nan,nan,politicians
khanna,ro,california,nan,united states,america,en,nan,nan,nan,nan,nan,politicians
kildee,daniel,michigan,nan,united states,america,en,nan,nan,nan,nan,nan,politicians
kilmer,derek,washington,nan,united states,america,en,nan,nan,nan,nan,nan,politicians
kim,andy,new jersey,nan,united states,america,en,nan,nan,nan,nan,nan,politicians
kind,ron,wisconsin,nan,united states,america,en,nan,nan,nan,nan,nan,politicians
king,angus,maine,nan,united states,america,en,nan,nan,nan,nan,nan,politicians
king,peter“pete”,new york,nan,united states,america,en,nan,nan,nan,nan,nan,politicians
king,steve,iowa,nan,united states,america,en,nan,nan,nan,nan,nan,politicians
kinzinger,adam,illinois,nan,united states,america,en,nan,nan,nan,nan,nan,politicians
kirkpatrick,ann,arizona,nan,united states,america,en,nan,nan,nan,nan,nan,politicians
klobuchar,amy,minnesota,nan,united states,america,en,nan,nan,nan,nan,nan,politicians
krishnamoorthi,raja,illinois,nan,united states,america,en,nan,nan,nan,nan,nan,politicians
kuster,ann,new hampshire,nan,united states,america,en,nan,nan,nan,nan,nan,politicians
kustoff,david,tennessee,nan,united states,america,en,nan,nan,nan,nan,nan,politicians
lahood,darin,illinois,nan,united states,america,en,nan,nan,nan,nan,nan,politicians
lamalfa,doug,california,nan,united states,america,en,nan,nan,nan,nan,nan,politicians
lamb,conor,pennsylvania,nan,united states,america,en,nan,nan,nan,nan,nan,politicians
lamborn,doug,colorado,nan,united states,america,en,nan,nan,nan,nan,nan,politicians
langevin,james“jim”,rhode island,nan,united states,america,en,nan,nan,nan,nan,nan,politicians
lankford,james,oklahoma,nan,united states,america,en,nan,nan,nan,nan,nan,politicians
larsen,rick,washington,nan,united states,america,en,nan,nan,nan,nan,nan,politicians
larson,john,connecticut,nan,united states,america,en,nan,nan,nan,nan,nan,politicians
latta,robert,ohio,nan,united states,america,en,nan,nan,nan,nan,nan,politicians
lawrence,brenda,michigan,nan,united states,america,en,nan,nan,nan,nan,nan,politicians
lawson,al,florida,nan,united states,america,en,nan,nan,nan,nan,nan,politicians
leahy,patrick,vermont,nan,united states,america,en,nan,nan,nan,nan,nan,politicians
lee,barbara,california,nan,united states,america,en,nan,nan,nan,nan,nan,politicians
lee,mike,utah,nan,united states,america,en,nan,nan,nan,nan,nan,politicians
lee,susie,nevada,nan,united states,america,en,nan,nan,nan,nan,nan,politicians
lesko,debbie,arizona,nan,united states,america,en,nan,nan,nan,nan,nan,politicians
levin,andy,michigan,nan,united states,america,en,nan,nan,nan,nan,nan,politicians
levin,mike,california,nan,united states,america,en,nan,nan,nan,nan,nan,politicians
lieu,ted,california,nan,united states,america,en,nan,nan,nan,nan,nan,politicians
lipinski,daniel,illinois,nan,united states,america,en,nan,nan,nan,nan,nan,politicians
loebsack,david,iowa,nan,united states,america,en,nan,nan,nan,nan,nan,politicians
loeffler,kelly,georgia,nan,united states,america,en,nan,nan,nan,nan,nan,politicians
lofgren,zoe,california,nan,united states,america,en,nan,nan,nan,nan,nan,politicians
long,billy,missouri,nan,united states,america,en,nan,nan,nan,nan,nan,politicians
loudermilk,barry,georgia,nan,united states,america,en,nan,nan,nan,nan,nan,politicians
lowenthal,alan,california,nan,united states,america,en,nan,nan,nan,nan,nan,politicians
lowey,nita,new york,nan,united states,america,en,nan,nan,nan,nan,nan,politicians
lucas,frank,oklahoma,nan,united states,america,en,nan,nan,nan,nan,nan,politicians
luetkemeyer,blaine,missouri,nan,united states,america,en,nan,nan,nan,nan,nan,politicians
luján,ben,new mexico,nan,united states,america,en,nan,nan,nan,nan,nan,politicians
luria,elaine,virginia,nan,united states,america,en,nan,nan,nan,nan,nan,politicians
lynch,stephen,massachusetts,nan,united states,america,en,nan,nan,nan,nan,nan,politicians
malinowski,tom,new jersey,nan,united states,america,en,nan,nan,nan,nan,nan,politicians
maloney,carolyn,new york,nan,united states,america,en,nan,nan,nan,nan,nan,politicians
maloney,sean,new york,nan,united states,america,en,nan,nan,nan,nan,nan,politicians
manchin,joe,virginia,nan,united states,america,en,nan,nan,nan,nan,nan,politicians
marchant,kenny,texas,nan,united states,america,en,nan,nan,nan,nan,nan,politicians
markey,edward“ed”,massachusetts,nan,united states,america,en,nan,nan,nan,nan,nan,politicians
marshall,roger,kansas,nan,united states,america,en,nan,nan,nan,nan,nan,politicians
massie,thomas,kentucky,nan,united states,america,en,nan,nan,nan,nan,nan,politicians
mast,brian,florida,nan,united states,america,en,nan,nan,nan,nan,nan,politicians
matsui,doris,california,nan,united states,america,en,nan,nan,nan,nan,nan,politicians
mcadams,ben,utah,nan,united states,america,en,nan,nan,nan,nan,nan,politicians
mcbath,lucy,georgia,nan,united states,america,en,nan,nan,nan,nan,nan,politicians
mccarthy,kevin,california,nan,united states,america,en,nan,nan,nan,nan,nan,politicians
mccaul,michael,texas,nan,united states,america,en,nan,nan,nan,nan,nan,politicians
mcclintock,tom,california,nan,united states,america,en,nan,nan,nan,nan,nan,politicians
mccollum,betty,minnesota,nan,united states,america,en,nan,nan,nan,nan,nan,politicians
mcconnell,mitch,kentucky,nan,united states,america,en,nan,nan,nan,nan,nan,politicians
mceachin,donald,virginia,nan,united states,america,en,nan,nan,nan,nan,nan,politicians
mcgovern,james“jim”,massachusetts,nan,united states,america,en,nan,nan,nan,nan,nan,politicians
mchenry,patrick,north carolina,nan,united states,america,en,nan,nan,nan,nan,nan,politicians
mckinley,david,virginia,nan,united states,america,en,nan,nan,nan,nan,nan,politicians
mcmorrisrodgers,cathy,washington,nan,united states,america,en,nan,nan,nan,nan,nan,politicians
mcnerney,jerry,california,nan,united states,america,en,nan,nan,nan,nan,nan,politicians
mcsally,martha,arizona,nan,united states,america,en,nan,nan,nan,nan,nan,politicians
meeks,gregory,new york,nan,united states,america,en,nan,nan,nan,nan,nan,politicians
menendez,robert“bob”,new jersey,nan,united states,america,en,nan,nan,nan,nan,nan,politicians
meng,grace,new york,nan,united states,america,en,nan,nan,nan,nan,nan,politicians
merkley,jeff,oregon,nan,united states,america,en,nan,nan,nan,nan,nan,politicians
meuser,daniel,pennsylvania,nan,united states,america,en,nan,nan,nan,nan,nan,politicians
mfume,kweisi,maryland,nan,united states,america,en,nan,nan,nan,nan,nan,politicians
miller,carol,virginia,nan,united states,america,en,nan,nan,nan,nan,nan,politicians
mitchell,paul,michigan,nan,united states,america,en,nan,nan,nan,nan,nan,politicians
moolenaar,john,michigan,nan,united states,america,en,nan,nan,nan,nan,nan,politicians
mooney,alex,virginia,nan,united states,america,en,nan,nan,nan,nan,nan,politicians
moore,gwen,wisconsin,nan,united states,america,en,nan,nan,nan,nan,nan,politicians
moran,jerry,kansas,nan,united states,america,en,nan,nan,nan,nan,nan,politicians
morelle,joseph,new york,nan,united states,america,en,nan,nan,nan,nan,nan,politicians
moulton,seth,massachusetts,nan,united states,america,en,nan,nan,nan,nan,nan,politicians
mucarsel-powell,debbie,florida,nan,united states,america,en,nan,nan,nan,nan,nan,politicians
mullin,markwayne,oklahoma,nan,united states,america,en,nan,nan,nan,nan,nan,politicians
murkowski,lisa,alaska,nan,united states,america,en,nan,nan,nan,nan,nan,politicians
murphy,christopher,connecticut,nan,united states,america,en,nan,nan,nan,nan,nan,politicians
murphy,gregory,north carolina,nan,united states,america,en,nan,nan,nan,nan,nan,politicians
murphy,stephanie,florida,nan,united states,america,en,nan,nan,nan,nan,nan,politicians
murray,patty,washington,nan,united states,america,en,nan,nan,nan,nan,nan,politicians
nadler,jerrold,new york,nan,united states,america,en,nan,nan,nan,nan,nan,politicians
napolitano,grace,california,nan,united states,america,en,nan,nan,nan,nan,nan,politicians
neal,richard,massachusetts,nan,united states,america,en,nan,nan,nan,nan,nan,politicians
neguse,joe,colorado,nan,united states,america,en,nan,nan,nan,nan,nan,politicians
newhouse,dan,washington,nan,united states,america,en,nan,nan,nan,nan,nan,politicians
norcross,donald,new jersey,nan,united states,america,en,nan,nan,nan,nan,nan,politicians
norman,ralph,south carolina,nan,united states,america,en,nan,nan,nan,nan,nan,politicians
norton,eleanor,district of columbia,nan,united states,america,en,nan,nan,nan,nan,nan,politicians
nunes,devin,california,nan,united states,america,en,nan,nan,nan,nan,nan,politicians
ocasio-cortez,alexandria,new york,nan,united states,america,en,nan,nan,nan,nan,nan,politicians
olson,pete,texas,nan,united states,america,en,nan,nan,nan,nan,nan,politicians
omar,ilhan,minnesota,nan,united states,america,en,nan,nan,nan,nan,nan,politicians
o’halleran,tom,arizona,nan,united states,america,en,nan,nan,nan,nan,nan,politicians
palazzo,steven,mississippi,nan,united states,america,en,nan,nan,nan,nan,nan,politicians
pallone,frank,new jersey,nan,united states,america,en,nan,nan,nan,nan,nan,politicians
palmer,gary,alabama,nan,united states,america,en,nan,nan,nan,nan,nan,politicians
panetta,jimmy,california,nan,united states,america,en,nan,nan,nan,nan,nan,politicians
pappas,chris,new hampshire,nan,united states,america,en,nan,nan,nan,nan,nan,politicians
pascrell,bill,new jersey,nan,united states,america,en,nan,nan,nan,nan,nan,politicians
paul,rand,kentucky,nan,united states,america,en,nan,nan,nan,nan,nan,politicians
payne,donald,new jersey,nan,united states,america,en,nan,nan,nan,nan,nan,politicians
pelosi,nancy,california,nan,united states,america,en,nan,nan,nan,nan,nan,politicians
pence,greg,indiana,nan,united states,america,en,nan,nan,nan,nan,nan,politicians
perdue,david,georgia,nan,united states,america,en,nan,nan,nan,nan,nan,politicians
perlmutter,ed,colorado,nan,united states,america,en,nan,nan,nan,nan,nan,politicians
perry,scott,pennsylvania,nan,united states,america,en,nan,nan,nan,nan,nan,politicians
peters,gary,michigan,nan,united states,america,en,nan,nan,nan,nan,nan,politicians
peters,scott,california,nan,united states,america,en,nan,nan,nan,nan,nan,politicians
peterson,collin,minnesota,nan,united states,america,en,nan,nan,nan,nan,nan,politicians
phillips,dean,minnesota,nan,united states,america,en,nan,nan,nan,nan,nan,politicians
pingree,chellie,maine,nan,united states,america,en,nan,nan,nan,nan,nan,politicians
pocan,mark,wisconsin,nan,united states,america,en,nan,nan,nan,nan,nan,politicians
porter,katie,california,nan,united states,america,en,nan,nan,nan,nan,nan,politicians
portman,robert“rob”,ohio,nan,united states,america,en,nan,nan,nan,nan,nan,politicians
posey,bill,florida,nan,united states,america,en,nan,nan,nan,nan,nan,politicians
pressley,ayanna,massachusetts,nan,united states,america,en,nan,nan,nan,nan,nan,politicians
price,david,north carolina,nan,united states,america,en,nan,nan,nan,nan,nan,politicians
quigley,mike,illinois,nan,united states,america,en,nan,nan,nan,nan,nan,politicians
raskin,jamie,maryland,nan,united states,america,en,nan,nan,nan,nan,nan,politicians
reed,john“jack”,rhode island,nan,united states,america,en,nan,nan,nan,nan,nan,politicians
reed,tom,new york,nan,united states,america,en,nan,nan,nan,nan,nan,politicians
reschenthaler,guy,pennsylvania,nan,united states,america,en,nan,nan,nan,nan,nan,politicians
rice,kathleen,new york,nan,united states,america,en,nan,nan,nan,nan,nan,politicians
rice,tom,south carolina,nan,united states,america,en,nan,nan,nan,nan,nan,politicians
richmond,cedric,louisiana,nan,united states,america,en,nan,nan,nan,nan,nan,politicians
riggleman,denver,virginia,nan,united states,america,en,nan,nan,nan,nan,nan,politicians
risch,james,idaho,nan,united states,america,en,nan,nan,nan,nan,nan,politicians
roberts,pat,kansas,nan,united states,america,en,nan,nan,nan,nan,nan,politicians
roby,martha,alabama,nan,united states,america,en,nan,nan,nan,nan,nan,politicians
roe,david“phil”,tennessee,nan,united states,america,en,nan,nan,nan,nan,nan,politicians
rogers,harold“hal”,kentucky,nan,united states,america,en,nan,nan,nan,nan,nan,politicians
rogers,mike,alabama,nan,united states,america,en,nan,nan,nan,nan,nan,politicians
romney,mitt,utah,nan,united states,america,en,nan,nan,nan,nan,nan,politicians
rooney,francis,florida,nan,united states,america,en,nan,nan,nan,nan,nan,politicians
rose,john,tennessee,nan,united states,america,en,nan,nan,nan,nan,nan,politicians
rose,max,new york,nan,united states,america,en,nan,nan,nan,nan,nan,politicians
rosen,jacky,nevada,nan,united states,america,en,nan,nan,nan,nan,nan,politicians
rouda,harley,california,nan,united states,america,en,nan,nan,nan,nan,nan,politicians
rounds,mike,south dakota,nan,united states,america,en,nan,nan,nan,nan,nan,politicians
rouzer,david,north carolina,nan,united states,america,en,nan,nan,nan,nan,nan,politicians
roy,chip,texas,nan,united states,america,en,nan,nan,nan,nan,nan,politicians
roybal-allard,lucille,california,nan,united states,america,en,nan,nan,nan,nan,nan,politicians
rubio,marco,florida,nan,united states,america,en,nan,nan,nan,nan,nan,politicians
ruiz,raul,california,nan,united states,america,en,nan,nan,nan,nan,nan,politicians
ruppersberger,a.dutch,maryland,nan,united states,america,en,nan,nan,nan,nan,nan,politicians
rush,bobby,illinois,nan,united states,america,en,nan,nan,nan,nan,nan,politicians
rutherford,john,florida,nan,united states,america,en,nan,nan,nan,nan,nan,politicians
ryan,tim,ohio,nan,united states,america,en,nan,nan,nan,nan,nan,politicians
sanders,bernard“bernie”,vermont,nan,united states,america,en,nan,nan,nan,nan,nan,politicians
sarbanes,john,maryland,nan,united states,america,en,nan,nan,nan,nan,nan,politicians
sasse,benjamin,nebraska,nan,united states,america,en,nan,nan,nan,nan,nan,politicians
scalise,steve,louisiana,nan,united states,america,en,nan,nan,nan,nan,nan,politicians
scanlon,mary,pennsylvania,nan,united states,america,en,nan,nan,nan,nan,nan,politicians
schakowsky,janice“jan”,illinois,nan,united states,america,en,nan,nan,nan,nan,nan,politicians
schatz,brian,hawaii,nan,united states,america,en,nan,nan,nan,nan,nan,politicians
schiff,adam,california,nan,united states,america,en,nan,nan,nan,nan,nan,politicians
schneider,bradley“brad”,illinois,nan,united states,america,en,nan,nan,nan,nan,nan,politicians
schrader,kurt,oregon,nan,united states,america,en,nan,nan,nan,nan,nan,politicians
schrier,kim,washington,nan,united states,america,en,nan,nan,nan,nan,nan,politicians
schumer,charles“chuck”,new york,nan,united states,america,en,nan,nan,nan,nan,nan,politicians
schweikert,david,arizona,nan,united states,america,en,nan,nan,nan,nan,nan,politicians
scott,austin,georgia,nan,united states,america,en,nan,nan,nan,nan,nan,politicians
scott,david,georgia,nan,united states,america,en,nan,nan,nan,nan,nan,politicians
scott,rick,florida,nan,united states,america,en,nan,nan,nan,nan,nan,politicians
scott,robert“bobby”,virginia,nan,united states,america,en,nan,nan,nan,nan,nan,politicians
scott,tim,south carolina,nan,united states,america,en,nan,nan,nan,nan,nan,politicians
sensenbrenner,james,wisconsin,nan,united states,america,en,nan,nan,nan,nan,nan,politicians
serrano,josé,new york,nan,united states,america,en,nan,nan,nan,nan,nan,politicians
sewell,terri,alabama,nan,united states,america,en,nan,nan,nan,nan,nan,politicians
shaheen,jeanne,new hampshire,nan,united states,america,en,nan,nan,nan,nan,nan,politicians
shalala,donna,florida,nan,united states,america,en,nan,nan,nan,nan,nan,politicians
shelby,richard,alabama,nan,united states,america,en,nan,nan,nan,nan,nan,politicians
sherman,brad,california,nan,united states,america,en,nan,nan,nan,nan,nan,politicians
sherrill,mikie,new jersey,nan,united states,america,en,nan,nan,nan,nan,nan,politicians
shimkus,john,illinois,nan,united states,america,en,nan,nan,nan,nan,nan,politicians
simpson,michael“mike”,idaho,nan,united states,america,en,nan,nan,nan,nan,nan,politicians
sinema,kyrsten,arizona,nan,united states,america,en,nan,nan,nan,nan,nan,politicians
sires,albio,new jersey,nan,united states,america,en,nan,nan,nan,nan,nan,politicians
slotkin,elissa,michigan,nan,united states,america,en,nan,nan,nan,nan,nan,politicians
smith,adam,washington,nan,united states,america,en,nan,nan,nan,nan,nan,politicians
smith,adrian,nebraska,nan,united states,america,en,nan,nan,nan,nan,nan,politicians
smith,christopher“chris”,new jersey,nan,united states,america,en,nan,nan,nan,nan,nan,politicians
smith,jason,missouri,nan,united states,america,en,nan,nan,nan,nan,nan,politicians
smith,tina,minnesota,nan,united states,america,en,nan,nan,nan,nan,nan,politicians
smucker,lloyd,pennsylvania,nan,united states,america,en,nan,nan,nan,nan,nan,politicians
soto,darren,florida,nan,united states,america,en,nan,nan,nan,nan,nan,politicians
spanberger,abigail,virginia,nan,united states,america,en,nan,nan,nan,nan,nan,politicians
spano,ross,florida,nan,united states,america,en,nan,nan,nan,nan,nan,politicians
speier,jackie,california,nan,united states,america,en,nan,nan,nan,nan,nan,politicians
stabenow,debbie,michigan,nan,united states,america,en,nan,nan,nan,nan,nan,politicians
stanton,greg,arizona,nan,united states,america,en,nan,nan,nan,nan,nan,politicians
stauber,pete,minnesota,nan,united states,america,en,nan,nan,nan,nan,nan,politicians
stefanik,elise,new york,nan,united states,america,en,nan,nan,nan,nan,nan,politicians
steil,bryan,wisconsin,nan,united states,america,en,nan,nan,nan,nan,nan,politicians
steube,gregory,florida,nan,united states,america,en,nan,nan,nan,nan,nan,politicians
stevens,haley,michigan,nan,united states,america,en,nan,nan,nan,nan,nan,politicians
stewart,chris,utah,nan,united states,america,en,nan,nan,nan,nan,nan,politicians
stivers,steve,ohio,nan,united states,america,en,nan,nan,nan,nan,nan,politicians
sullivan,dan,alaska,nan,united states,america,en,nan,nan,nan,nan,nan,politicians
suozzi,thomas,new york,nan,united states,america,en,nan,nan,nan,nan,nan,politicians
swalwell,eric,california,nan,united states,america,en,nan,nan,nan,nan,nan,politicians
sánchez,linda,california,nan,united states,america,en,nan,nan,nan,nan,nan,politicians
takano,mark,california,nan,united states,america,en,nan,nan,nan,nan,nan,politicians
taylor,van,texas,nan,united states,america,en,nan,nan,nan,nan,nan,politicians
tester,jon,montana,nan,united states,america,en,nan,nan,nan,nan,nan,politicians
thompson,bennie,mississippi,nan,united states,america,en,nan,nan,nan,nan,nan,politicians
thompson,glenn,pennsylvania,nan,united states,america,en,nan,nan,nan,nan,nan,politicians
thompson,mike,california,nan,united states,america,en,nan,nan,nan,nan,nan,politicians
thornberry,mac,texas,nan,united states,america,en,nan,nan,nan,nan,nan,politicians
thune,john,south dakota,nan,united states,america,en,nan,nan,nan,nan,nan,politicians
tiffany,thomas,wisconsin,nan,united states,america,en,nan,nan,nan,nan,nan,politicians
tillis,thom,north carolina,nan,united states,america,en,nan,nan,nan,nan,nan,politicians
timmons,william,south carolina,nan,united states,america,en,nan,nan,nan,nan,nan,politicians
tipton,scott,colorado,nan,united states,america,en,nan,nan,nan,nan,nan,politicians
titus,dina,nevada,nan,united states,america,en,nan,nan,nan,nan,nan,politicians
tlaib,rashida,michigan,nan,united states,america,en,nan,nan,nan,nan,nan,politicians
tonko,paul,new york,nan,united states,america,en,nan,nan,nan,nan,nan,politicians
toomey,patrick“pat”,pennsylvania,nan,united states,america,en,nan,nan,nan,nan,nan,politicians
torressmall,xochitl,new mexico,nan,united states,america,en,nan,nan,nan,nan,nan,politicians
torres,norma,california,nan,united states,america,en,nan,nan,nan,nan,nan,politicians
trahan,lori,massachusetts,nan,united states,america,en,nan,nan,nan,nan,nan,politicians
trone,david,maryland,nan,united states,america,en,nan,nan,nan,nan,nan,politicians
turner,michael,ohio,nan,united states,america,en,nan,nan,nan,nan,nan,politicians
udall,tom,new mexico,nan,united states,america,en,nan,nan,nan,nan,nan,politicians
underwood,lauren,illinois,nan,united states,america,en,nan,nan,nan,nan,nan,politicians
upton,fred,michigan,nan,united states,america,en,nan,nan,nan,nan,nan,politicians
vandrew,jefferson,new jersey,nan,united states,america,en,nan,nan,nan,nan,nan,politicians
vanhollen,chris,maryland,nan,united states,america,en,nan,nan,nan,nan,nan,politicians
vargas,juan,california,nan,united states,america,en,nan,nan,nan,nan,nan,politicians
veasey,marc,texas,nan,united states,america,en,nan,nan,nan,nan,nan,politicians
vela,filemon,texas,nan,united states,america,en,nan,nan,nan,nan,nan,politicians
velázquez,nydia,new york,nan,united states,america,en,nan,nan,nan,nan,nan,politicians
visclosky,peter,indiana,nan,united states,america,en,nan,nan,nan,nan,nan,politicians
wagner,ann,missouri,nan,united states,america,en,nan,nan,nan,nan,nan,politicians
walberg,tim,michigan,nan,united states,america,en,nan,nan,nan,nan,nan,politicians
walden,greg,oregon,nan,united states,america,en,nan,nan,nan,nan,nan,politicians
walker,mark,north carolina,nan,united states,america,en,nan,nan,nan,nan,nan,politicians
walorski,jackie,indiana,nan,united states,america,en,nan,nan,nan,nan,nan,politicians
waltz,michael,florida,nan,united states,america,en,nan,nan,nan,nan,nan,politicians
warner,mark,virginia,nan,united states,america,en,nan,nan,nan,nan,nan,politicians
warren,elizabeth,massachusetts,nan,united states,america,en,nan,nan,nan,nan,nan,politicians
wassermanschultz,debbie,florida,nan,united states,america,en,nan,nan,nan,nan,nan,politicians
waters,maxine,california,nan,united states,america,en,nan,nan,nan,nan,nan,politicians
watkins,steven,kansas,nan,united states,america,en,nan,nan,nan,nan,nan,politicians
watsoncoleman,bonnie,new jersey,nan,united states,america,en,nan,nan,nan,nan,nan,politicians
weber,randy,texas,nan,united states,america,en,nan,nan,nan,nan,nan,politicians
webster,daniel,florida,nan,united states,america,en,nan,nan,nan,nan,nan,politicians
welch,peter,vermont,nan,united states,america,en,nan,nan,nan,nan,nan,politicians
wenstrup,brad,ohio,nan,united states,america,en,nan,nan,nan,nan,nan,politicians
westerman,bruce,arkansas,nan,united states,america,en,nan,nan,nan,nan,nan,politicians
wexton,jennifer,virginia,nan,united states,america,en,nan,nan,nan,nan,nan,politicians
whitehouse,sheldon,rhode island,nan,united states,america,en,nan,nan,nan,nan,nan,politicians
wicker,roger,mississippi,nan,united states,america,en,nan,nan,nan,nan,nan,politicians
wild,susan,pennsylvania,nan,united states,america,en,nan,nan,nan,nan,nan,politicians
williams,roger,texas,nan,united states,america,en,nan,nan,nan,nan,nan,politicians
wilson,frederica,florida,nan,united states,america,en,nan,nan,nan,nan,nan,politicians
wilson,joe,south carolina,nan,united states,america,en,nan,nan,nan,nan,nan,politicians
wittman,robert,virginia,nan,united states,america,en,nan,nan,nan,nan,nan,politicians
womack,steve,arkansas,nan,united states,america,en,nan,nan,nan,nan,nan,politicians
woodall,rob,georgia,nan,united states,america,en,nan,nan,nan,nan,nan,politicians
wright,ron,texas,nan,united states,america,en,nan,nan,nan,nan,nan,politicians
wyden,ron,oregon,nan,united states,america,en,nan,nan,nan,nan,nan,politicians
yarmuth,john,kentucky,nan,united states,america,en,nan,nan,nan,nan,nan,politicians
yoho,ted,florida,nan,united states,america,en,nan,nan,nan,nan,nan,politicians
young,don,alaska,nan,united states,america,en,nan,nan,nan,nan,nan,politicians
young,todd,indiana,nan,united states,america,en,nan,nan,nan,nan,nan,politicians
zeldin,lee,new york,nan,united states,america,en,nan,nan,nan,nan,nan,politicians
