Samuel L. Jones,Mobile,Alabama,http://www.cityofmobile.org/cityofficials/mayor.php
Omar Neal,Tuskegee,Alabama,http://www.tuskegeealabama.org/government/moremayor.aspx
Satish I. Hiremath,Oro Valley,Arizona,http://www.orovalleyaz.gov/Town_Government/Town_Council/Mayor-Satish-Hiremath.htm
Greg Stanton,Phoenix,Arizona,http://phoenix.gov/mayor/index.html#a4
Jennifer Eckstrom,South Tucson,Arizona,http://www.southtucson.org/government/city-council.html
Jonathan Rothschild,Tucson,Arizona,
Larry S. Bryant,Forrest City,Arkansas,http://www.forrestcity-ar.com/mayor.html
Arnell Willis,Helena,Arkansas,http://helenawesthelena.com/mayor-arnell-willis
Lawrence Owens,Hughes,Arkansas,http://hughesarkansas.org/Meet-the-Mayor.html
Patrick Hays,North Little Rock,Arkansas,http://www.northlr.org/welcome/mayor.asp
Carl A. Redus,Pine Bluff,Arkansas,"Jr,http://www.cityofpinebluff.com/mayor.htm"
McKinzie Riley,Wrightsville,Arkansas,
Marie Gilmore,Alameda,California,http://www.cityofalamedaca.gov/City-Hall/City-Council
Tom Bates,Berkeley,California,http://www.ci.berkeley.ca.us/mayor/
Cheryl Cox,Chula Vista,California,http://www.ci.chula-vista.ca.us/City_Services/Mayor_Council/Mayor/Default.asp
Eugene Montanez,Corona,California,http://www.discovercorona.com/City-Council/Elected-Officials/Eugene-Montanez.aspx
Jennifer West,Emeryville,California,http://www.emeryville.org/index.aspx?NID=770
Gus Morrison,Fremont,California,http://www.fremont.gov/index.aspx?NID=698
Maria Orozco,Gonzales,California,http://www.ci.gonzales.ca.us/city-government.php
James T. Butts Jr.,Inglewood,California,http://www.cityofinglewood.org/city_hall/mayor/default.asp
Sukhee Kang,Irvine,California,http://www.cityofirvine.org/council/bios/sukhee_kang.asp
Bob Foster,Long Beach,California,http://www.longbeach.gov/mayor/default.asp
Antonio Villaraigosa,Los Angeles,California,http://mayor.lacity.org/MeettheMayor/Biography/index.htm
Lou La Monte,Malibu,California,
Rob Schroder,Martinez,California,http://www.cityofmartinez.org/depts/mayor/default.asp
Paul Eaton,Montclair,California,http://www.cityofmontclair.org/depts/council/city_elected_officials.asp
R. Michael Kasperzak,Mountain View,California,http://www.ci.mtnview.ca.us/city_council/mayors_welcome.asp
Jean Quan,Oakland,California,http://www2.oaklandnet.com/Government/o/Mayor/index.htm
Stephen P. Pougnet,Palm Springs,California,http://www.ci.palm-springs.ca.us/index.aspx?page=33
Bill Bogaard,Pasadena,California,http://www.ci.pasadena.ca.us/mayor/
Luis I. Molina,Patterson,California,http://www.ci.patterson.ca.us/Default.aspx?pi=54&ni=75
David Glass,Petaluma,California,http://cityofpetaluma.net/cclerk/glass.htm
Jennifer Hosterman,Pleasanton,California,http://www.ci.pleasanton.ca.us/government/council/
L. Dennis Michael,Rancho Cucamonga,California,http://www.cityofrc.us/cityhall/council/michael.asp
Gayle McLaughlin,Richmond,California,http://www.ci.richmond.ca.us/index.asp?NID=55
Kevin Johnson,Sacramento,California,http://www.cityofsacramento.org/mayor/index.html
Dennis Donohue,Salinas,California,http://www.ci.salinas.ca.us/leadership/mayor.cfm
Patrick J. Morris,San Bernardino,California,http://www.ci.san-bernardino.ca.us/cityhall/mayor/default.asp
Edwin M. Lee,San Francisco,California,http://www.sfmayor.org/
Andrew F. Kotyuk,San Jacinto,California,http://www.san-jacinto.ca.us/city-govt/council.html
Chuck Reed,San Jose,California,http://www.sanjoseca.gov/council.html
Stephen H. Cassidy,San Leandro,California,http://www.sanleandro.org/depts/cityhall/council/mayor_stephen_cassidy/default.asp
Miguel Pulido,Santa Ana,California,http://www.ci.santa-ana.ca.us/cm/mayormiguelpulido.asp
Helene Schneider,Santa Barbara,California,http://www.santabarbaraca.gov/Government/Council/Meet_Us/
Don Lane,Santa Cruz,California,http://www.cityofsantacruz.com/index.aspx?page=789
Larry Forester,Signal Hill,California,http://www.cityofsignalhill.org/Directory.aspx?EID=18
Ann Johnston,Stockton,California,http://www.stocktongov.com/government/council/mayor.html
Jeffrey Prang,West Hollywood,California,http://www.weho.org/index.aspx?page=118
Christopher Cabaldon,West Sacramento,California,http://cityofwestsacramento.org/city/council/default.asp
Matthew Appelbaum,Boulder,Colorado,http://www.bouldercolorado.gov/index.php?option=com_content&view=article&id=8130:council-member-matthew-appelbaum&catid=54:council-members&Itemid=2009
Michael B. Hancock,Denver,Colorado,http://www.denvergov.org/mayor
Randy P. Penn,Englewood,Colorado,http://www.ci.englewood.co.us/Index.aspx?page=105
Marjorie Sloan,Golden,Colorado,http://www.cityofgolden.net/government/
Carolyn Cutler,Lafayette,Colorado,http://www.cityoflafayette.com/Directory.aspx?EID=44
Bob Murphy,Lakewood,Colorado,http://lakewood.org/CityCouncil/
Robert Muckle,Louisville,Colorado,http://www.louisvilleco.gov/GOVERNMENT/CityCouncil/tabid/61/Default.aspx
Marc A. Snyder,Manitou Springs,Colorado,http://www.manitouspringsgov.com/government/council
Joe Gierlach,Nederland,Colorado,http://nederlandco.org/board-of-trustees/board-of-trustees/
Joyce Downing,Northglenn,Colorado,http://www.northglenn.org/mayor-joyce-downing
Don Stephens,Salida,Colorado,http://cityofsalida.com/city-government/mayor/
Andrew Muckle,Superior,Colorado,http://superiorcolorado.gov/TownGovernment/BoardsCommissionsandCommittees/BoardofTrustees/tabid/115/Default.aspx
Stuart Fraser,Telluride,Colorado,http://www.telluride-co.gov/index.aspx?page=14
Bill Finch,Bridgeport,Connecticut,http://www.bridgeportct.gov/mayorspage/Pages/MayorsPage.aspx
Scott D. Jackson,Hamden,Connecticut,http://hamden.com/content/43/79/default.aspx
Pedro E. Segarra,Hartford,Connecticut,http://www.hartford.gov/government/mayor/default.asp
Daniel Drew,Middletown,Connecticut,http://www.cityofmiddletown.com/content/117/121/155/default.aspx
John DeStefano,New Haven,Connecticut,http://www.cityofnewhaven.com/Mayor/index.asp
Daryl Justin Finizio,New London,Connecticut,
Richard Moccia,Norwalk,Connecticut,http://www.norwalkct.org/
Neil M. O'Leary,Waterbury,Connecticut,http://www.waterburyct.org/content/458/461/default.aspx
Scott Slifka,West Hartford,Connecticut,http://www.west-hartford.com/government/
John Picard,West Haven,Connecticut,http://www.cityofwesthaven.com/foundations/store/storepage.asp?page=govern
Michael Smith,Blades,Delaware,
John P. Buchheit III,Delaware City,Delaware,http://www.delawarecity.delaware.gov/mc/index.html
Diane C. Hanson,Dewey Beach,Delaware,http://www.townofdeweybeach.com/Town-Council-and-Staff/
James Ford III,Lewes,Delaware,http://www.ci.lewes.de.us/
Kenneth Branner,Middletown,Delaware,http://www.middletownde.org/
James M. Baker,Wilmington,Delaware,http://www.ci.wilmington.de.us/
Vincent C. Gray,Washington,District of Columbia,http://mayor.dc.gov/DC/Mayor
Susan Gottlieb,Aventura,Florida,http://www.cityofaventura.com/commission/commission.htm
Jean Rosenfield,Bal Harbour,Florida,
Woodrow L. Hay,Boynton Beach,Florida,http://www.boynton-beach.org/government/elected_officials/mayor/index.html
Marilyn Gerber,Coconut Creek,Florida,http://coconutcreek.net/newsite/commission/index.asp
Debby Eisinger,Cooper City,Florida,http://www.coopercityfl.org
James Cason,Coral Gables,Florida,http://www.citybeautiful.net/index.aspx?page=278
Peggy Noland,Deerfield Beach,Florida,http://www.deerfield-beach.com/index.aspx?nid=92
Juan Carlos Bermudez,Doral,Florida,http://www.cityofdoral.com/cityofdoral/index.php?option=com_content&task=view&id=27&Itemid=67
Bruce Mount,Eatonville,Florida,http://www.townofeatonville.org/index.php?option=com_content&view=article&id=9&Itemid=28
Craig Lowe,Gainesville,Florida,http://www.cityofgainesville.org/GOVERNMENT/MayorCityCommission/tabid/362/Default.aspx
Glenn Singer,Golden Beach,Florida,http://www.goldenbeach.us/pages/GoldenBeachFL_Government/council/singer
Charles Sanders,Greenwood,Florida,http://www.jacksoncounty.com/cities.php?id=7
Joy Cooper,Hallandale Beach,Florida,http://www.hallandalebeachfl.gov/index.aspx?nid=28
Peter J. M. Bober,Hollywood,Florida,http://www.hollywoodfl.org/city_commission/mayor.htm
Kenneth Schultz,Hypoluxo,Florida,http://www.hypoluxo.org/256541.html
Mary Lou Hildreth,Keystone Heights,Florida,http://www.keystoneheights.us/government
Gow B. Fields,Lakeland,Florida,http://www.lakelandgov.net/CityGovernment/CityCommissioners.aspx
Patricia Gerard,Largo,Florida,http://www.largo.com/egov/apps/directory/list.egov?path=pro&usr=18
Barrington Russell,Lauderdale Lakes,Florida,http://www.lauderdalelakes.org/index.asp?Type=B_BASIC&SEC={333DA074-7FFD-4010-A235-CEA9A7D35551}
Richard J. Kaplan,Lauderhill,Florida,http://lauderhill-fl.gov/dept_comm.html
Howard Schieferdecker,Maitland,Florida,http://www.itsmymaitland.com/city_council.aspx
Tomas Regalado,Miami,Florida,http://www.miamigov.com/Mayor/pages/
Matti Herrera Bower,Miami Beach,Florida,http://www.miamibeachfl.gov/elected/mayor/default.aspx?id=29560
Lori C. Moseley,Miramar,Florida,http://www.ci.miramar.fl.us/cityofficials/index.html
Connie Leon Kreps,North Bay Village,Florida,http://nbvillage.com/Pages/NorthBayFL_Commission/Kreps
John Brady,North Lauderdale,Florida,http://www.nlauderdale.org/city_commission/elected_officials/mayor_jack_brady/index.php
Andre Pierre,North Miami,Florida,http://www.northmiamifl.gov/departments/mayor_council/mayor.asp
Myra L. Taylor,Opa-Locka,Florida,http://www.opalockafl.gov/Directory.aspx?EID=10
Buddy Dyer,Orlando,Florida,http://www.cityoforlando.net/elected/mayor/index.htm
Dominic Persampiere,Oviedo,Florida,http://www.cityofoviedo.net/node/146
James P. Sasser,Pahokee,Florida,http://www.cityofpahokee.com/City%20Commission/City%20Commission.htm
Greg Brudnicki,Panama City,Florida,http://www.pcgov.org/residents/panama-city-city-council
Frank C. Ortis,Pembroke Pines,Florida,http://www.ppines.com/index1.html
Joe LaCascia,Polk City,Florida,http://www.mypolkcity.org/index.aspx?nid=28
Thomas A. Masters,Riviera Beach,Florida,http://www.rivierabch.com/mayor.asp
Norman Edelcup,Sunny Isles Beach,Florida,http://www.sibfl.net/mayor.asp
Michael Ryan,Sunrise,Florida,http://www.sunrisefl.gov/index.aspx?page=76
Daniel N. Dietch,Surfside,Florida,http://www.townofsurfsidefl.gov/Surfside-Town-Officials/Surfside-Mayor.aspx
John Marks III,Tallahassee,Florida,http://talgov.com/
Beth Talabisco,Tamarac,Florida,http://fl-tamarac2.civicplus.com/index.aspx?NID=149
Jeri Muoio,West Palm Beach,Florida,http://www.cityofwpb.com/mayor/
Gary Resnick,Wilton Manors,Florida,http://www.wiltonmanors.com/index.asp?Type=B_BASIC&SEC={45814A9F-0AF6-4CFC-B6BC-3683C285710A}
Kasim Reed,Atlanta,Georgia,http://www.atlantaga.gov/Mayor/Meet.aspx
Deke Copenhaver,Augusta,Georgia,http://mayor.dc.gov/DC/Mayorhttp://www.augustaga.gov/index.aspx?nid=194
William F. Floyd,Decatur,Georgia,http://www.decaturga.com/index.aspx?page=112
Donna Pittman,Doraville,Georgia,http://www.doravillega.us/Government/Government/City-Council.html
Earnestine Pittman,East Point,Georgia,http://www.eastpointcity.org/
James Thomas Jr.,Hinesville,Georgia,http://www.cityofhinesville.org/Gov/mayor.html
Robert A. B. Reichert,Macon,Georgia,http://www.cityofmacon.net/
June D. Bradfield,McRae,Georgia,http://www.mcraega.org/26201.html
Kathie deNobriga,Pine Lake,Georgia,http://www.pinelakega.com/about/our-mayor/
Jere Wood,Roswell,Georgia,http://www.roswellgov.com/index.php/p/4/t/Office%20of%20the%20Mayor
Patricia Wheeler,Stone Mountain,Georgia,http://www.stonemountaincity.org/index.php?option=com_content&view=article&id=48&Itemid=55
Ralph Moore,Union City,Georgia,http://www.unioncityga.org/index.aspx?page=72
William P. Kenoi,Hilo,Hawaii,http://hawaiicountymayor.com/about-the-office-of-the-mayor/
Peter B. Carlisle,Honolulu,Hawaii,http://www.co.honolulu.hi.us/mayor/index1.htm
Bernard P. Carvalho Jr.,Kauai,Hawaii,http://www.kauai.gov/Government/OfficeOfTheMayor/tabid/132/Default.aspx
Larry Hartwig,Addison,Illinois,http://addisonadvantage.org/government/board.shtml
Arlene J. Mulder,Arlington Heights,Illinois,http://www.vah.com/government/village_board/default.aspx
Rahm Emanuel,Chicago,Illinois,http://www.cityofchicago.org/content/city/en/depts/mayor.html
Elizabeth Tisdahl,Evanston,Illinois,http://www.cityofevanston.org/government/mayor.shtml
Henderson Yarbrough Sr.,Maywood,Illinois,http://www.maywood-il.org/VillageOfficials/VillageMayor/VillageMayor_indx.htm
Christopher Koos,Normal,Illinois,http://www.normal.org/Gov/Council/Mayor.asp
Leon Rockingham,North Chicago,Illinois,http://www.northchicago.org/index.asp?Type=B_BASIC&SEC={B9B4267F-CE5C-4CDD-97CB-86164E9588C3}
Lawrence Morrissey,Rockford,Illinois,http://www.rockfordil.gov/mayors-office.aspx
Robert Sabonjian,Waukegan,Illinois,http://www.waukeganweb.net/localgovernment.html
Richard Hickman,Angola,Indiana,http://www.angolain.org/
Mark Kruzan,Bloomington,Indiana,http://bloomington.in.gov/sections/viewSection.php?section_id=13
Thomas C. Henry,Fort Wayne,Indiana,http://cityoffortwayne.org/
Karen Freeman-Wilson,Gary,Indiana,http://www.gary.in.us/mayor.asp
John A. Wilkes,Linton,Indiana,
Dennis Tyler,Muncie,Indiana,
William E. Gluba,Davenport,Iowa,http://www.cityofdavenportiowa.com/department/?fDD=5-0
T.M. Franklin Cownie,Des Moines,Iowa,http://www.ci.des-moines.ia.us/index.htm
Roy D. Buol,Dubuque,Iowa,http://www.cityofdubuque.org/index.aspx?NID=173
Robert E. Scott,Sioux City,Iowa,https://www.sioux-city.org/city-council/652-bob-scott-mayor
Buck Clark,Waterloo,Iowa,http://www.ci.waterloo.ia.us/mayor
Carl Brewer,Wichita,Kansas,http://www.wichita.gov/Government/CityCouncil/Mayor/
Gene McMurry,Carrollton,Kentucky,http://carrolltonky.net/meet-the-mayor/
Greg Fischer,Louisville,Kentucky,http://www.louisvilleky.gov/Mayor/
Melvin 'Kip' Holden,Baton Rouge,Louisiana,http://brgov.com/dept/Mayor/
Mitchell J. Landrieu,New Orleans,Louisiana,http://www.nola.gov/en/Mayors-Office
Rodney A. Grogan,Patterson,Louisiana,http://www.cityofpatterson.org/mayor.htm
Cedric B. Glover,Shreveport,Louisiana,http://www.ci.shreveport.la.us/dept/mayor/index.htm
William R. Stokes,Augusta,Maine,http://www.augustamaine.gov/index.asp?Type=B_BASIC&SEC={3C72DD33-BA34-435C-B81D-F400AD18BEE2}
Charlotte Warren,Hallowell,Maine,http://hallowell.govoffice.com/index.asp?Type=B_BASIC&SEC={A0E5D45C-2A03-436F-8CF7-06A0A93C5352}
Michael Brennan,Portland,Maine,http://www.portlandmaine.gov/
Joshua J. Cohen,Annapolis,Maryland,http://www.ci.annapolis.md.us/Government/Departments/Mayor.aspx
Stephanie Rawlings-Blake,Baltimore,Maryland,http://www.baltimorecity.gov/
Andrew M. Fellows,College Park,Maryland,http://www.collegeparkmd.gov/Mayor_Council_bios.asp
Brian K. Grim,Cumberland,Maryland,http://www.ci.cumberland.md.us/new_site/index.php/contents/view/6
Robert C. Willey,Easton,Maryland,http://www.town-eastonmd.com/Administration/MayorAndCouncil.html
Peter Benjamin,Garrett Park,Maryland,
Dennis J. Scheessele,Indian Head,Maryland,http://www.townofindianhead.org/index.asp?Type=B_BASIC&SEC={4B8A6367-13D2-4954-9BDB-2033C05EAA1A}
Craig Moe,Laurel,Maryland,http://www.cityoflaurel.org/content/craig-moe-mayor
Phyllis Marcuccio,Rockville,Maryland,http://www.rockvillemd.gov/government/mc/marcuccio.html
James Ireton,Salisbury,Maryland,http://www.ci.salisbury.md.us/
Jeffrey Slavin,Somerset,Maryland,
Bruce R. Williams,Takoma Park,Maryland,
Thatcher W. Kezer III,Amesbury,Massachusetts,http://www.amesburyma.gov/government.cfm?subpage=57883
William F. Scanlon Jr.,Beverly,Massachusetts,
Tom Menino (Co-Chair),Boston,Massachusetts,http://www.cityofboston.gov/mayor/default.asp
Joseph C. Sullivan,Braintree,Massachusetts,
David P. Maher,Cambridge,Massachusetts,http://www.cambridgema.gov/mayor.aspx
Carlo DeMaria Jr.,Everett,Massachusetts,
Lisa A. Wong,Fitchburg,Massachusetts,http://www.ci.fitchburg.ma.us/
Alex Morse,Holyoke,Massachusetts,http://www.holyoke.org/index.php?option=com_content&task=view&id=16&Itemid=78
Gary Christenson,Malden,Massachusetts,http://www.cityofmalden.org/Mayors-Office/
Michael J. McGlynn,Medford,Massachusetts,http://www.medford.org/Pages/MedfordMA_Mayor/index
Robert J. Dolan,Melrose,Massachusetts,
Setti Warren,Newton,Massachusetts,http://www.newtonma.gov/gov/executive/bio.asp
David J. Narkewicz,Northampton,Massachusetts,http://www.northamptonma.gov/gsuniverse/httpRoot/mayor/
Edward A. Bettencourt Jr.,Peabody,Massachusetts,http://www.peabody-ma.gov/mayors_office.html
Daniel Rizzo,Revere,Massachusetts,http://revere.org/elected_fr.htm
Kimberley Driscoll,Salem,Massachusetts,http://www.salem.com/Pages/SalemMA_Council/mayor
Joseph A. Curtatone,Somerville,Massachusetts,http://www.ci.somerville.ma.us/Division.cfm?orgunit=MAYOR
Domenic Sarno,Springfield,Massachusetts,http://www.springfieldcityhall.com/COS/mayor.0.html
Susan M. Kay,Weymouth,Massachusetts,http://www.weymouth.ma.us/mayor/index.asp
John Hieftje,Ann Arbor,Michigan,http://www.a2gov.org/government/citycouncil/Pages/MayorJohnHieftje.aspx
John B. O'Reilly Jr.,Dearborn,Michigan,http://www.cityofdearborn.org/government/mayors-office
Dave Bing,Detroit,Michigan,http://www.ci.detroit.mi.us/MayorsOffice/tabid/123/Default.aspx
Dayne Walling,Flint,Michigan,http://www.cityofflint.com/mayor/mayor_main.asp
George Heartwell,Grand Rapids,Michigan,http://grcity.us/Pages/default.aspx
Karen Majewski,Hamtramck,Michigan,http://www.hamtramck.us/mayor/index.php
Virg Bernero,Lansing,Michigan,http://www.lansingmi.gov/mayor/
Gretchen Driskell,Saline,Michigan,http://www.ci.saline.mi.us/?module=Page&event=Biography&personID=12
Brenda L. Lawrence,Southfield,Michigan,http://www.cityofsouthfield.com/Government/MayorsOffice/tabid/168/Default.aspx
Paul T. Schreiber,Ypsilanti,Michigan,http://cityofypsilanti.com/bd_city-council
Don Ness,Duluth,Minnesota,http://www.duluthmn.gov/mayor/
R.T. Rybak,Minneapolis,Minnesota,http://www.ci.minneapolis.mn.us/mayor/
Chris Coleman,St. Paul,Minnesota,http://www.ci.stpaul.mn.us/mayor/
Johnny DuPree,Hattiesburg,Mississippi,http://www.hattiesburgms.com/m.html
Harvey Johnson,Jackson,Mississippi,http://www.jacksonms.gov/site_test/
"Sylvester ""Sly"" James Jr.",Kansas City,Missouri,http://www.kcmayor.org/about-sly-james
Randall L. Rhoads,Lee's Summit,Missouri,http://cityofls.net/City-of-Lees-Summit/City-Officials/Mayor.aspx
Francis Slay,St. Louis,Missouri,http://stlouis-mo.gov/government/departments/mayor/
Shelley Welsch,University City,Missouri,http://www.ucitymo.org/index.aspx?NID=452
Jim Suttle,Omaha,Nebraska,http://www.co.douglas.ne.us/omaha/mayor/mayors-office-home
Donald Groesser,Ralston,Nebraska,http://www.cityofralston.com/new_to_ralston/index.html
Dean Trefethen,Dover,New Hampshire,http://dover.nh.gov/elected.htm
Ed Johnson,Asbury Park,New Jersey,http://www.cityofasburypark.com/en/mayor-a-council
Lorenzo T. Langford,Atlantic City,New Jersey,http://www.cityofatlanticcity.org/con_gov_mayorsoffice_geninfo.asp
Mark Smith,Bayonne,New Jersey,http://www.bayonnenj.org/mayor.htm
Patrick H. McHale,Bogota,New Jersey,http://www.bogotaonline.org/mayor-council/
Albert B. Kelly,Bridgeton,New Jersey,http://www.cityofbridgeton.com/government.html
Dana Redd,Camden,New Jersey,http://www.ci.camden.nj.us/city/mayor_bio.html
Chuck Cahn,Cherry Hill,New Jersey,http://www.cherryhill-nj.com/government/default.asp
Sophie Heymann,Closter,New Jersey,http://www.closterboro.com/
Jim Maley,Collingswood,New Jersey,http://www.collingswood.com/government/mayor-and-commissioners
Carol Foster,Corbin City,New Jersey,
Joseph R. Smith,East Newark,New Jersey,http://www.boroughofeastnewark.com
Robert L. Bowser,East Orange,New Jersey,http://www.eastorange-nj.org/Mayor/Index.htm
Antonia Ricigliano,Edison,New Jersey,http://www.edisonnj.org/
J. Christian Bollwage,Elizabeth,New Jersey,http://www.elizabethnj.org/
Carlos Colina,Emerson,New Jersey,http://www.emersonnj.org/index.asp?Type=B_DIR&SEC={ED7CA23A-09DE-4024-8A9C-82E8D9310B1A}
Colleen Mahr,Fanwood,New Jersey,
Gerald R. Drasheff,Guttenberg,New Jersey,http://www.guttenbergnj.org/Officials/Official.aspx?id=16
Maria DiGiovanni,Hackettstown,New Jersey,http://www.hackettstown.net/town-council.html
Domenick Stampone,Haledon,New Jersey,http://haledonboronj.com/index.php/government/mayor-a-council/12-domenick-stampone
Raymond J. McDonough,Harrison,New Jersey,http://www.townofharrison.com/departments.html
Richard S. Goldberg,Hawthorne,New Jersey,http://hawthornenj.org/mayor.cfm
David L. Tinker,Hazlet,New Jersey,http://www.hazlettwp.org/committeeman-david-tinker.html
Dawn Zimmer,Hoboken,New Jersey,http://www.hobokennj.org/mayor/
Timothy McDonough,Hope,New Jersey,http://www.hopetownship.com/bin/web/real_estate/AR278633/ACTIVATE_FRAMES/TESTIMONALS/Hope/1275259775.html
Paul Anzano,Hopewell,New Jersey,http://www.hopewellboro-nj.us/index.php?option=com_content&task=view&id=18&Itemid=48
Robert M. Giordano,Independence,New Jersey,http://www.independencenj.com/mayor.html
Wayne Smith,Irvington,New Jersey,http://www.irvington.net/
Jerramiah Healy,Jersey City,New Jersey,http://jerseycitynj.gov/government.aspx
David M. DelVecchio,Lambertville,New Jersey,http://www.lambertvillenj.org/content/102/166/default.aspx
Richard J. Gerbounka,Linden,New Jersey,http://www.linden-nj.org/council/mayor.htm
Mauro D. Raguseo,Little Ferry,New Jersey,http://www.littleferrynj.org/electedofficials.html
Stephen Santola,Livingston,New Jersey,http://www.livingstonnj.org/councilmeetings.htm
Frank W. Minor,Logan Township,New Jersey,http://www.logan-twp.org/
Nicholas Russo,Longport,New Jersey,http://www.longport-nj.us/
Michael E. Beck,Lower Township,New Jersey,http://www.townshipoflower.org/mayor/index.php
William Laforet,Mahwah,New Jersey,http://www.mahwahtwp.org/Cit-e-Access/Mayor/?TID=64&TPID=6707
Michael Fressola,Manchester Township,New Jersey,http://www.manchestertwp.com/mayor/index.htm
Victor DeLuca,Maplewood,New Jersey,http://www.twp.maplewood.nj.us/TownshipOfficials/vice-mayor-victor-deluca-1
Frank M. North,Merchantville,New Jersey,http://www.merchantville.com/
Patrick O'Hagan,Midland Park,New Jersey,http://www.mpnj.com/mp_whos_who.asp
James A. Gallos,Milford,New Jersey,http://www.milfordnj.org/
Dennis Vaccaro,Moonachie,New Jersey,http://www.moonachie.us/government.html
J. Randy Bishop,Neptune,New Jersey,
Cory Booker,Newark,New Jersey,http://www.ci.newark.nj.us/City_Government/Meet_the_mayor.htm
Peter C. Massa,North Arlington,New Jersey,http://www.northarlington.org/meetthemayor.html
Francis M. Womack III,North Brunswick,New Jersey,http://www.northbrunswicknj.gov/mayor.html
Randy George,North Haledon,New Jersey,http://www.northhaledon.com/index.php?option=com_content&task=categoryÂ§ionid=7&id=39&Itemid=64
Owen Henry,Old Bridge,New Jersey,http://www.oldbridge.com/content/137/183/default.aspx
James Barberio,Parsippany-Troy Hills,New Jersey,http://www.parsippany.net/
Alex D. Blanco,Passaic,New Jersey,http://www.cityofpassaic.com/Elected%20Officials.html
Jeffery Jones,Paterson,New Jersey,http://www.patersonnj.gov/department/index.php?fDD=2-0
Wilda Diaz,Perth Amboy,New Jersey,http://ci.perthamboy.nj.us/mayor-wilda-diaz.html
Harry L. Wyant,Phillipsburg,New Jersey,http://www.phillipsburgnj.org/index.php?option=com_content&view=article&id=1&Itemid=3
Sharon M. Robinson-Briggs,Plainfield,New Jersey,http://www.plainfield.com/Mayors_Corner.htm
Jesse L. Tweedle Sr.,Pleasantville,New Jersey,http://pleasantville-nj.org/index.asp?var_incl=CH_officials.lbi
Gary Giberson,Port Republic,New Jersey,http://www.aclink.org/Admin/Main/Municipal.asp
Pasquale Menna,Red Bank,New Jersey,http://www.redbanknj.org/content/mayors-message.html
Sandy Moscaritolo,River Edge,New Jersey,http://www.riveredgenj.org/index.asp?Type=B_BASIC&SEC={7E4B079B-ABBD-48FF-AB71-11FBB407BF2E}
Jamel C. Holley,Roselle,New Jersey,http://www.boroughofroselle.com/Officials/Official.aspx?id=2
Robert L. Davis,Salem,New Jersey,http://www.salemcitynj.com/26001.html
Brian P. Stack,Union City,New Jersey,http://www.ucnj.com/city-officials/the-mayor
Betty Simmons,Victory Gardens,New Jersey,"http://www.google.com/maps?q=Victory+Gardens,+NJ,+USA&sa=X&oi=map&ct=title"
Robert Romano,Vineland,New Jersey,http://www.vinelandcity.org/Mayor%27s%20Office/mayors.htm
Robert D. Parisi,West Orange,New Jersey,http://www.westorange.org/index.asp?Type=B_BASIC&SEC={8EF4E130-224C-4AA4-9001-7D58A0C8F19D}
Shing-Fu Hsueh,West Windsor,New Jersey,http://www.westwindsornj.org/mayor_welcome.html
John E. McCormac,Woodbridge,New Jersey,http://www.twp.woodbridge.nj.us/elected_officials_mayor.html
Keith Kazmark,Woodland Park,New Jersey,http://www.wpnj.us/message.html
Joe Murrietta,Grants,New Mexico,http://www.cityofgrants.org/local_government/mayor_and_city_council.jsp
Kenneth D. Miyagishima,Las Cruces,New Mexico,http://www.las-cruces.org/council/mayor.shtm
Ray Alborn,Ruidoso,New Mexico,http://www.ruidoso.net/local/Village%20Officials.htm
David Coss,Santa Fe,New Mexico,http://www.santafenm.gov/executive/mayor/index.asp
Albert Campos Jr.,Santa Rosa,New Mexico,http://www.srnm.org/Government/Elected-Officials.aspx
Gloria J. Chavez,Tijeras,New Mexico,http://villageoftijerasnm.com/index_files/Page776.html
Gerald Jennings,Albany,New York,http://www.albanyny.org/Government/MayorsOffice.aspx
James Gaughan,Altamont,New York,http://www.altamontvillage.org/pages/Altamontny_bcomm/village/James%20Gaughan%20Bio
Ann M. Thane,Amsterdam,New York,http://www.amsterdamny.gov/government/mayor-council.php
Peter R. Porcino,Ardsley,New York,
Andrea Smallwood,Athens,New York,
Randy Casale,Beacon,New York,http://www.cityofbeacon.org/departments/city-council
Matthew T. Ryan,Binghamton,New York,http://www.cityofbinghamton.com/mayor.asp
Eugene Christopher,Broadalbin,New York,
Byron Brown,Buffalo,New York,http://www.ci.buffalo.ny.us/document_4.html
G. Wayne McIlroy,Carthage,New York,
Jerome Kobre,Chestnut Ridge,New York,http://www.planet-rockland.org/chestnut/
John A. Lane,Clinton,New York,http://village.clinton.ny.us/content/Offices/Homepage/:item=5&field=officials;/content/Officials/View/5
John McDonald,Cohoes,New York,http://www.cohoes.com/
Mark Evans,Coxsackie,New York,http://www.villageofcoxsackie.com/index.php?option=com_content&task=view&id=26&Itemid=54
Robert J. Foster,Deferiet,New York,
Sally Burns,Delanson,New York,http://www.delanson.net/Government/VillageBoard/tabid/108/Default.aspx
Steven P. Hoffman,Depew,New York,http://www.villageofdepew.org/villageBoard.php
Randy Sterling,Dryden,New York,
Allan A. Kasprzak,East Aurora,New York,http://www.east-aurora.ny.us/board.htm
Paul Rickenbach,East Hampton,New York,http://www.easthamptonvillage.org/
Henry Doerr,Elbridge,New York,http://www.villageofelbridge.com/villageboard.html
Jeffrey Kaplan,Ellenville,New York,http://villageofellenville.com/default.aspx
James Matthews,Ellisburg,New York,
Stephen G. Sommers,Fabius,New York,http://www.fabius-ny.gov/php-files/gov.php
Mark Olson,Fayetteville,New York,http://www.fayettevilleny.gov/Welcome.aspx
James J. Miccio,Fishkill,New York,http://www.vofishkill.us/mayor-james-miccio.aspx
Andrew Hardwick,Freeport,New York,http://www.freeportny.com/
Donald T. Brudie,Garden City,New York,http://www.gardencityny.net/index.asp?Type=B_BASIC&SEC=%7BD2E4E6EC-1CA6-4C12-89F4-B39DD2EEE11E%7D
John Diamond,Glens Falls,New York,http://www.cityofglensfalls.com/index.aspx?nid=28
Dayton J. King,Gloversville,New York,http://www.cityofgloversville.com/ContentManager/index.cfm?Step=Display&ContentID=2
Jean A. Celender,Great Neck Plaza,New York,http://www.greatneckplaza.net/Elected%20Officials.html
Ralph J. Kreitzman,Great Neck Village,New York,http://www.greatneckvillage.org/
Barbara Moore,Greenwood Lake,New York,
Martin Natoli,Hagaman,New York,
Emery Cummings Jr.,Hammondsport,New York,
LeRoy V. Davis,Harrisville,New York,http://villageofharrisvilleny.org/content/Boards/View/1
Peter Swiderski,Hastings on Hudson,New York,http://hastingsgov.org/Pages/HastingsNY_Trustees/index
Michael Kohut,Haverstraw,New York,http://www.voh-ny.com/mayor.htm
Natale J. Tartamella,Head of the Harbor,New York,http://www.villagehohny.org/mayor.php
Wayne J. Hall Sr.,Hempstead,New York,http://www.villageofhempstead.org
Richard Beirman Sr.,Herrings,New York,
Bernard Jackson,Hillburn,New York,http://www.hillburn.org/VillageGov/Mayor.htm
Joseph M. Lee,Hilton,New York,http://www.hiltonny.org/html/trustees.html
Richard B. Milne,Honeoye Falls,New York,http://www.villageofhoneoyefalls.org/mayor.php
Shawn Hogan,Hornell,New York,http://www.cityofhornell.com/departments/mayor_hogan.html
Brian C. Smith,Irvington,New York,http://www.irvingtonny.gov/index.aspx?nid=248
Svante L. Myrick,Ithaca,New York,http://www.ci.ithaca.ny.us/officials/index.cfm
Samuel Teresi,Jamestown,New York,http://www.jamestownny.net/
Susan Lopatkin,Kensington,New York,http://www.villageofkensingtonny.gov/
Shayne R. Gallo,Kingston,New York,
Robert Blais,Lake George,New York,http://villageoflakegeorge.us/content/Offices/Homepage/:item=4&field=officials;/content/Officials/View/13
Ronald S. Cooper,Lake Success,New York,http://www.villageoflakesuccess.com/index1.html
Anne H. McAndrews,Larchmont,New York,http://villageoflarchmont.org/officials/
Martin Oliner,Lawrence,New York,http://www.villageoflawrence.org/Administration.htm
Carl Luft,Lima,New York,http://www.lima-ny.org/officials.html
Norman L. Marsh,Little Valley,New York,http://www.villageoflittlevalley.org/contact_info.htm
Corrine Kleisle,Lyons,New York,http://www.villageoflyons.com/village_board.html
Barbara Clark,Madison,New York,
Patricia McDonald,Malverne,New York,http://www.malvernevillage.org/mayors_message.html
Mark-Paul Serafin,Manlius,New York,http://manliusvillage.org/
James F. Hidy,Massena,New York,http://www.massenaworks.com/village/index.asp
Dennis Leahy,Maybrook,New York,http://www.villageofmaybrook.com/
Anthony Sylvester,Mechanicville,New York,http://www.mechanicville.com/
Terry Grimshaw,Mexico,New York,http://www.mexicovillage.net/index.php?option=com_content&view=article&id=50&Itemid=61
Richard Donovan,Minoa,New York,http://www.villageofminoa.com
James C. Purcell,Monroe,New York,
Jeffrey Oppenheim,Montebello,New York,
Gordon Jenkins,Monticello,New York,http://www.villageofmonticello.com/
Ernest D. Davis,Mount Vernon,New York,http://cmvny.com/mayors-office/
Donald J. Ryan,New Hartford,New York,http://villageofnewhartford.com/content/Boards/View/4
Noam Bramson,New Rochelle,New York,http://www.newrochelleny.com/mayorprof.asp
Michael R. Bloomberg (Co-Chair),New York,New York,http://www.nyc.gov/
Peter M. Blandino,Newark,New York,
Judith L. Kennedy,Newburgh,New York,http://www.cityofnewburgh-ny.gov/gov/mayor.htm
Paul A. Dyster,Niagara Falls,New York,http://www.niagarafallsusa.org/index.cfm
Laura Nolan,North Haven,New York,http://northhavenny.us/announcements.html#Officials
Marvin Natiss,North Hills,New York,http://www.villagenorthhills.com/village-board.asp
Robert G. Ortt,North Tonawanda,New York,http://www.northtonawanda.org/Departments/Mayor_2010.htm
Joseph Maiurano,Norwich,New York,http://www.norwichnewyork.net/gov/mayor.html
Linda L. Witte,Olean,New York,http://www.cityofolean.com/
Richard P. Miller,Oneonta,New York,"Jr., http://www.oneonta.ny.us/bio.asp"
William R. Hanauer,Ossining,New York,http://www.villageofossining.org/Cit-e-Access/Mayor/?TID=24&TPID=3466
Brian Wona,Otisville,New York,http://www.villageofotisville.com/
Vicky Daly,Palmyra,New York,http://www.palmyrany.com/pal_mayor.htm
Paul Pontieri,Patchogue,New York,http://www.patchoguevillage.org/officials.html
Mary Foster,Peekskill,New York,http://www.cityofpeekskill.com/commoncouncil/mayor-mary-foster
Anthony Fratto,Phoenix,New York,http://villageofphoenix-ny.gov/
Christopher Sanders,Piermont,New York,http://www.piermont-ny.com/
Donald M. Kasprzak,Plattsburgh,New York,http://www.cityofplattsburgh-ny.gov/About/MayorMessage
Robert Weitzner,Port Washington,New York,http://www.portwashingtonnorth.org/?page_id=80
John Tkazyik,Poughkeepsie,New York,http://www.cityofpoughkeepsie.com/mayor.html
John Bruno,Ravena,New York,http://www.villageofravena.com/
Daniel J. Dwyer,Rensselaer,New York,http://www.rensselaerny.gov/MayorsOffice/MayorsBiography.aspx
Kevin Neary,Richmondville,New York,http://www.schohariecounty-ny.gov/CountyWebSite/villric/index.jsp
John Durkin,Roslyn,New York,
Matthew Bloomfield,Russell Gardens,New York,http://www.russellgardens.com/
Jeffrey L. Pond,Salamanca,New York,http://www.salmun.com/dept/mayor/mayor.htm
Grant Rohrmoser,Sandy Creek,New York,
Clyde Rabideau,Saranac Lake,New York,http://www.saranaclakeny.gov/index.asp?Type=B_BASIC&SEC={ACA6A998-69A2-4CB3-A760-235CD0A81068}
Gregge Harrian,Savona,New York,
Gary R. McCarthy,Schenectady,New York,http://cityofschenectady.com/homepage.htm
Paul F. Gee,Scottsville,New York,
Omer Cousineau,Sharon Springs,New York,
John Patterson,Sherman,New York,
Leonard Szymanski,Sloan,New York,http://www.villageofsloan.org/mayorsoffice.htm
Karen Strickland,South Dayton,New York,
Geoffrey N. Prime,South Floral Park,New York,
Patricia DuBow,South Nyack,New York,
Mark Epley,Southampton,New York,http://www.southamptonvillage.org/gallery.asp
Letty J. Rudes,Speculator,New York,http://www.hamiltoncounty.com/towns-municipalities/speculator
Joyce Lobene,Spencerport,New York,http://www.vil.spencerport.ny.us/administrative/mayor.html
Noramie Jasmin,Spring Valley,New York,http://www.villagespringvalley.org/
Dagan LaCorte,Suffern,New York,http://www.suffernvillage.com/index.php?page=Village_Board
Edward R. Stewart III,Sylvan Beach,New York,http://www.sylvanbeachny.com/index.html
Stephanie A. Miner,Syracuse,New York,http://www.syracuse.ny.us/Mayors_Biography.aspx
Ronald Pilozzi,Tonawanda,New York,http://www.ci.tonawanda.ny.us/
Louis A. Rosamilia,Troy,New York,http://www.troyny.gov/Government/MayorsOffice.aspx
A. Martin Petrovic,Trumansburg,New York,http://www.trumansburg-ny.gov/boardoftrustees.htm
Beth Greenwood,Tully,New York,http://villageoftully.org/content/
Michael Esmay,Upper Nyack,New York,http://uppernyack-ny.us/village-officials
Theodore H. Young,Waterloo,New York,http://www.waterloony.com/depts/VOffice.html
Michael Manning,Watervliet,New York,http://www.watervliet.com
Brian D. McCoy,Wayland,New York,
David Goldsmith,Wesley Hills,New York,http://www.wesleyhills.org/
Scott M. Burto,West Carthage,New York,
John Ramundo,West Haverstraw,New York,http://www.westhaverstraw.org/government/mayor.html
David Carr,Westfield,New York,http://www.villageofwestfield.org/government/mayortrustees/index.html
Thomas M. Roach,White Plains,New York,http://www.cityofwhiteplains.com/Templates/template_text_image_right_panel.aspx?ID=Common
Anthony C. Leone,Yorkville,New York,
Mark Chilton,Carrboro,North Carolina,http://www.ci.carrboro.nc.us/gov.htm
Mark Kleinschmidt,Chapel Hill,North Carolina,http://www.ci.chapel-hill.nc.us/index.aspx?page=85
Bill Bell,Durham,North Carolina,http://durhamnc.gov/ich/mayor/Pages/Home.aspx
Miles Atkins,Mooresville,North Carolina,http://ci.mooresville.nc.us/portal/townelectedofficials
Jackie Holcombe,Morrisville,North Carolina,http://www.ci.morrisville.nc.us/index.aspx?nid=490
Nancy McFarlane,Raleigh,North Carolina,
Victor Varela,Ronda,North Carolina,
Dennis Walaker,Fargo,North Dakota,http://www.ci.fargo.nd.us/
Dan Pillow,Addyston,Ohio,http://www.addystonohio.org/officials_and_staff.html
Donald Plusquellic,Akron,Ohio,http://ci.akron.oh.us/mayor/index.htm
Bernard Baronowski,Andover,Ohio,http://andovervillage.com/mayor.html
Ronald A. Bischof,Barnesville,Ohio,http://www.barnesvilleohio.com/mayor.htm
Merle Gorden,Beachwood,Ohio,http://www.beachwoodohio.com/mayor.html
Daniel Pocek,Bedford,Ohio,http://www.bedfordoh.gov/site.cfm/City-Hall/Mayor-Pocek.cfm
Fletcher Berger,Bedford Heights,Ohio,http://www.bedfordheights.gov/directory
John Licastro,Bratenahl,Ohio,http://www.bratenahl.org/hall2.html
Samuel Alai,Broadview Heights,Ohio,http://www.broadview-heights.org/
David Seagraves,Brookville,Ohio,http://www.brookvilleohio.com/inner/mayor_letter.htm
Lowell E. Anderson,Caldwell,Ohio,
William J. Healy II,Canton,Ohio,http://www.cantonohio.gov/mayor/?pg=mayor
Tammy D. Drobina,Carroll,Ohio,http://www.ci.carroll.oh.us/
Diana Stockmaster,Centerburg,Ohio,http://centerburgoh.org/mayor.html
Mark Mallory,Cincinnati,Ohio,http://www.cincinnati-oh.gov/mayor/pages/-3048-/
Frank Jackson,Cleveland,Ohio,http://www.city.cleveland.oh.us/CityofCleveland/Home
Edward Kelley,Cleveland Heights,Ohio,http://www.clevelandheights.com/index.aspx?page=298
Danny Stacy,Cleves,Ohio,
Michael Coleman,Columbus,Ohio,http://mayor.columbus.gov/
William Armentrout,Creston,Ohio,
Gary Leitzell,Dayton,Ohio,http://www.daytonohio.gov/CCO/Pages/MayorLeitzell.aspx
Gary L. Comer,DeGraff,Ohio,http://www.degraffohio.com/village-council.html
Terry Lindeman,Doylestown,Ohio,http://www.doylestown.com/index.php?option=com_content&task=view&id=52
Gary Norton,East Cleveland,Ohio,http://www.eastcleveland.info/inamix/content/office-mayor
Ted Andrzejewski,East Lake,Ohio,http://www.eastlakeohio.com/city_hall/mayors_office/index.php
James P. Swoger,East Liverpool,Ohio,http://www.eastliverpool.com/mayor.php
Patricia Burnside,Englewood,Ohio,http://www.englewood.oh.us/burnside.php
Bill Cervenik,Euclid,Ohio,http://www.cityofeuclid.com/community/MayorsOffice
Thomas H. Nagel,Fairborn,Ohio,http://www.ci.fairborn.oh.us/gov/council/nagel.htm
Charles H. Johnson,Forest Park,Ohio,
Gary Middlemus,Frazeysburg,Ohio,
Kirk Emmert,Gambier,Ohio,http://www.villageofgambier.org/council.htm
Dave Nelson,Geneva-on-the-Lake,Ohio,
Mark Williams,Genoa,Ohio,http://www.genoaohio.org/Mayor.aspx
Alan Zaffiro,Golf Manor,Ohio,http://www.golfmanor.org/
Ray E. DeGraw,Grandview Heights,Ohio,
Gary Lee Young,Greenville,Ohio,
Lance Westcamp,Groveport,Ohio,http://www.groveport.org/index.php/mayor
Richard L. Verga,Harveysburg,Ohio,
Clifford L. Mason,Hebron,Ohio,
Lou Bertrand,Hiram,Ohio,http://www.hiramvillage.org/index.asp?Type=B_BASIC&SEC={F5271A12-A48C-48DB-811C-55BC5F1B998E}
Susan J. Pelkowski,Holloway,Ohio,
William Currin,Hudson,Ohio,http://www.hudson.oh.us/index.aspx?nid=113
Rich Blankenship,Ironton,Ohio,http://www.ironton-ohio.com/mayor.htm
Jerry Fiala,Kent,Ohio,http://www.kentohio.org/gov2/mayor.asp
Deborah Neale,Lakeline,Ohio,
David J. Berger,Lima,Ohio,http://www.cityhall.lima.oh.us/mayor/index.asp
Jo Ann Toczek,Linndale,Ohio,
Patricia A. Fallot,Louisville,Ohio,http://www.louisvilleohio.com/city-government/city-council
Joseph Cicero Jr,Lyndhurst,Ohio,http://www.lyndhurst-oh.com/mayor.html
Donald Kuchta,Macedonia,Ohio,http://www.macedonia.oh.us/mayor.htm
Steve Adams,Malvern,Ohio,http://villageofmalvern.net/aboutus.aspx
Jeffrey A. Lansky,Maple Heights,Ohio,
Joe A. Matthews,Marietta,Ohio,http://www.mariettaoh.net/government/mayor
Bruce Rinker,Mayfield Village,Ohio,http://www.mayfieldvillage.com/
Robert Schwab,McComb,Ohio,http://mccomboh.com/Committees.html
Glenn W. Holmes,McDonald,Ohio,http://www.mcdonaldvillage.com/
Richard Cain,Mineral City,Ohio,
James B. Waller,Minerva,Ohio,http://ci.minerva.oh.us/mayor.htm
Steven L. Yagelski,Montpelier,Ohio,http://www.montpelieroh.net/village_council.html
Susan Renda,Moreland Hills,Ohio,http://morelandhills.com/?page_id=5
Charles Neff,Mount Sterling,Ohio,
Mike Porter,Mt. Gilead,Ohio,
Jeffrey C. Wherley,Nellie,Ohio,
James A. Friel,Newcomerstown,Ohio,
Daniel R. Brooks,North College Hill,Ohio,
Terrance J. McConnell,North Kingsville,Ohio,http://www.northkingsvilleohio.org/administration.htm
Ed Klco,North Perry,Ohio,
Kathy Mulcahy,Orange Village,Ohio,http://www.orangevillage.com/mulcahy.html
David T. Handwerk,Orrville,Ohio,http://www.orrville.com/MAYOR.HTM
Billy R. Spencer,Piketon,Ohio,http://www.piketoninfo.com/category/912104/Government-Offices-City-Village-Twp/0#content
Timothy Redden,Plymouth,Ohio,http://www.plymouthoh.org/index.asp?Type=B_BASIC&SEC=%7BD0CAC26C-5B1C-4747-A8BE-83EDD7566B8C%7D&DE=%7BE22C7BD2-2CF2-436A-8962-601ADAA7E26D%7D
Timothy Sicafuse,Poland,Ohio,
David A. Malone,Portsmouth,Ohio,http://portsmouthoh.org/index.aspx?nid=109
Daniel Ursu,Richmond Heights,Ohio,http://www.richmondheightsohio.org/mayor.php
William Nibert,Richwood,Ohio,
Bill Flaute,Riverside,Ohio,http://www.riverside.oh.us/riverside-city-council/
John Berlin,Salem,Ohio,http://www.cityofsalemohio.org/Administrative.aspx
Earl M. Leiken,Shaker Heights,Ohio,http://shakeronline.com/accessing-city-hall/mayor
Patrick C. Monahan,Shawnee Hills,Ohio,
John Smith,Silverton,Ohio,http://www.silvertonohio.us/elected-officials.cfm
Georgine Welo,South Euclid,Ohio,http://www.cityofsoutheuclid.com/mayor/index.html
Matthew Brett,South Russell,Ohio,http://www.southrussell.com/village.hall.html
Warren Copeland,Springfield,Ohio,http://www.ci.springfield.oh.us/Gov/mayor.htm
William C. Burkhardt,St. Bernard,Ohio,http://www.cityofstbernard.org/city-government/council-and-elected-officials/
Domenick Mucci Jr.,Steubenville,Ohio,http://www.cityofsteubenville.us/mayor/index.html
Clayton Weller,Sugarcreek,Ohio,http://www.villageofsugarcreek.com/village-administration/
Michael P. Bell,Toledo,Ohio,http://toledo.oh.gov/MayorsOffice/tabid/230/Default.aspx
Mary Myers,Verona,Ohio,
Daniel Wilczynski,Walbridge,Ohio,http://www.walbridgeohio.org/index.asp?id=3
Doug Franklin,Warren,Ohio,http://www.warren.org/mayor.htm
Doug Shaw,Wauseon,Ohio,
Allen Patchin,West Farmington,Ohio,http://www.farmingtoncommunity.org/villagecouncil/index.shtml
Ann Schreiner,West Millgrove,Ohio,
Kim Maggard,Whitehall,Ohio,http://whitehall-oh.us/
William A. Margalis,Wickliffe,Ohio,http://www.cityofwickliffe.com/city-hall/mayors-office.html
Richard J. Bonde,Willowick,Ohio,http://www.cityofwillowick.com/deptMayorsOfficeMain.php
Chuck Sammarone,Youngstown,Ohio,http://www.cityofyoungstownoh.com/city_hall/departments/mayor/mayor.aspx
Jeff Tilton,Zanesville,Ohio,http://www.coz.org/mayor.cfm
Kitty Piercy,Eugene,Oregon,http://www.kittypiercy.com/
Sam Adams,Portland,Oregon,http://www.portlandonline.com/
James Hopely,Aldan,Pennsylvania,http://www.aldanonline.info/government.html
Ed Pawlowski,Allentown,Pennsylvania,http://www.allentownpa.org/staff.htm
"Charles T. ""Bud"" Wahl",Ambler,Pennsylvania,http://www.boroughofambler.com/bud-wahl/
Gretchen Dosch,Applewold,Pennsylvania,
Bernard Killian,Aspinwall,Pennsylvania,http://www.aspinwallpa.com/Borough.aspx
Alexander Bennett,Baldwin,Pennsylvania,http://www.baldwinborough.org/
Philip Ferrizzi,Bally,Pennsylvania,http://www.co.berks.pa.us/Muni/Bally/Pages/BoroughOfficials.aspx
Donald L. Wunderler,Bath,Pennsylvania,http://www.bathborough.org/officials.html
Cloyd W. Wagner,Beavertown,Pennsylvania,
Stanley Goldman,Bellefonte,Pennsylvania,http://bellefonte.net/government/mayor-borough-council/mayors-welcome/
Robin J. Gochenauer,Bendersville,Pennsylvania,
Gail Stoudt,Bernville,Pennsylvania,
John Callahan,Bethlehem,Pennsylvania,http://www.bethlehem-pa.gov/about/mayor/index.htm
Robert Myers,Birdsboro,Pennsylvania,http://www.birdsboropa.org/OfficialsCommissionsCommittees.htm
Everett W. Saxton,Bolivar,Pennsylvania,
Vincent H. Liebel,Boswell,Pennsylvania,
Marianne V. Deery,Boyertown,Pennsylvania,http://www.boyertownborough.org/pages/general/administration.aspx
Kenneth Lockhart,Brentwood,Pennsylvania,http://www.brentwoodboro.com/index.php?option=com_content&task=section&id=14&Itemid=33
Verncel L. Creveling,Briar Creek,Pennsylvania,
David Wonderling,Brookville,Pennsylvania,
Lester J. Ward,Brownsville,Pennsylvania,http://www.brownsvillepa.org/Government.aspx
Anna Marie Quader,Burgettstown,Pennsylvania,
Loyce Harpster,Burnham,Pennsylvania,http://www.burnhamboro.org/Pages/Municipal_Information.aspx#mayor
Margaret Stock,Butler,Pennsylvania,http://cityofbutler.org/index.php/elected-officials
David H. Rhome,Canonsburg,Pennsylvania,http://www.canonsburgboro.com/
Justin M. Taylor,Carbondale,Pennsylvania,http://www.carbondale-pa.gov/content.php?page=office_of_the_mayor
Donald Baumgarten,Castle Shannon,Pennsylvania,http://borough.castle-shannon.pa.us/mayors-message.htm
Barbara Schlegel,Catasauqua,Pennsylvania,http://catasauquaborough.govoffice.com/index.asp?Type=B_BASIC&SEC={D1558D6C-AFF5-416D-95DA-398DD3204C8C}
James S. Perry,Chalfant,Pennsylvania,
Marilyn J. Becker,Chalfont,Pennsylvania,http://www.chalfontborough.com/borough-government/mayor.aspx
Peter Lagiovane,Chambersburg,Pennsylvania,http://www.borough.chambersburg.pa.us/
Ronald Lockwood,Cherry Valley,Pennsylvania,
John Linder,Chester,Pennsylvania,http://www.chestercity.com/index.php/city-council/city-council-officials
Paul McKenna,Churchill,Pennsylvania,
Richard L. Lattanzi,Clairton,Pennsylvania,http://www.svcog.org/Clairton.html
Andrea J. Estadt,Clarion,Pennsylvania,http://clarionboro.org/government/
Harry Kelly,Clarks Summit,Pennsylvania,http://www.clarkssummitboro.org/council09.html
James P. Schell,Clearfield,Pennsylvania,http://clearfieldboro.com/Borough_Council.html
John Hartman,Cleona,Pennsylvania,http://www.cleonaborough.org/Council.htm
Frank C. Kelly,Collingdale,Pennsylvania,http://www.collingdaleborough.com/html/council.html
Daniel Rutland,Colwyn,Pennsylvania,http://colwynborough.com/your-local-government/
Allen Gyorko,Confluence,Pennsylvania,
Joseph Carrelli,Conyngham,Pennsylvania,http://www.luzernecounty.org/living/municipalities/conyngham_borough
Anthony G. Celeste,Coraopolis,Pennsylvania,http://coraopolispa.com/4.html
Mark J. Thomas,Cornwall,Pennsylvania,http://www.cornwall-pa.com/Departments/BoroughCouncil.aspx
Timothy J. Carroll,Dallas,Pennsylvania,
Helen Thomas,Darby,Pennsylvania,http://psabdns4.com/darbyborough.com/
John Lignelli,Donora,Pennsylvania,
Thomas Lloyd,Dormont,Pennsylvania,http://boro.dormont.pa.us/index.asp?Type=B_BASIC&SEC={50D0163A-7E6B-4C6C-AC21-30AF3386F247}
Josh Maxwell,Downingtown,Pennsylvania,http://www.joshmaxwell.com/about
Libby White,Doylestown,Pennsylvania,http://www.doylestownborough.net/Libbybio.pdf
Philip T. Krivacek,Duquesne,Pennsylvania,http://www.duquesnepa.us/mayor__council__staff
Betty M. Hays,Eagles Mere,Pennsylvania,http://www.eaglesmere.org/boroofficials.html
James S. Perry,East Pittsburgh,Pennsylvania,
Mark A. Pacilla,East Washington,Pennsylvania,http://www.eastwash.com/government/mayor/
Salvatore J. Panto Jr.,Easton,Pennsylvania,http://www.easton-pa.com/mayor.html
J. Edward Cook,Edgewood,Pennsylvania,http://www.edgewood.pgh.pa.us/edgewood-govt-council.htm
Wayne T. Murphy,Edgeworth Borough,Pennsylvania,
Ray Plummer,Ehrenfeld,Pennsylvania,
Joseph J. Cisco,Ellport City,Pennsylvania,http://www.ecboro.com/index.htm
Anthony J. Court,Ellwood City,Pennsylvania,http://ellwoodcity.org/
Winfield Iobst,Emmaus,Pennsylvania,http://www.borough.emmaus.pa.us/Mayor-Emmaus-Borough.html
Dorothy H. Quinn,Emsworth,Pennsylvania,http://www.emsworthborough.com/officials.htm
Joseph Sinnott,Erie,Pennsylvania,http://www.ci.erie.pa.us/Home/tabid/1/Default.aspx
Gary Foster,Evans City,Pennsylvania,http://www.evans-city.com/
D. Gary Evans,Factoryville,Pennsylvania,http://www.factoryville.org/Borough/boroughinfo.htm
Charles Moore,Falls Creek,Pennsylvania,
Olive McKeithan,Farrell,Pennsylvania,http://www.cityoffarrell.com/Officials.aspx
Gary McBrien,Felton,Pennsylvania,
Robert P. Frey,Folcroft,Pennsylvania,http://www.folcroftpa.net/
Kim Phillips,Frackville,Pennsylvania,http://frackvillepa.org/government/government.html
Fred C. Moyer Jr.,Freeburg,Pennsylvania,
Gerald C. Yob,Freemansburg,Pennsylvania,http://www.boroughoffreemansburg.org/government.htm
Edward F. Burns,Girardville,Pennsylvania,
Arnie Bowser,Greensboro,Pennsylvania,http://www.greensboropa.com/?page_id=5
Roy Del Rosario,Hamburg,Pennsylvania,https://hamburgboro.com/Elected_Officials_LICJ.html
Linda D. Thompson,Harrisburg,Pennsylvania,http://pl1462.pairlitesite.com/greetings-from-mayor-linda-d-thompson/
Norm Hawkes,Hatboro,Pennsylvania,http://www.hatborogov.org/directory.html
Ronald Cyphert,Hawthorn,Pennsylvania,
John Hoerner,Highspire,Pennsylvania,http://highspire.org/mayor.html
Joseph R. Dodson,Hollidaysburg,Pennsylvania,
Betty Esper,Homestead,Pennsylvania,http://www.svcog.org/Homestd.html
Tim McGuire,Homewood,Pennsylvania,
Dee Dee Brown,Huntingdon Borough,Pennsylvania,http://www.huntingdoncounty.net/HuntingdonBorough/Pages/Mayor.aspx
George E. Hood,Indiana,Pennsylvania,http://www.indianaboro.com/departments/Mayors_Office.htm
Nicholas Yanosich,Industry,Pennsylvania,
Gerald C. Croushore,Ingram,Pennsylvania,http://ingramborough.org/croushore.html
Charles Ritter,Ivyland,Pennsylvania,http://www.ivylandborough.org/government.html
James C. Sanders,Jefferson,Pennsylvania,
Ed Foley,Jenkintown,Pennsylvania,http://www.jenkintownboro.com/?page_id=96
Wm. Dennis Buttorff,Jersey Shore,Pennsylvania,http://www.jerseyshoreboro.org/jsboro/BoroughGovernment/BoroughCouncil/tabid/57/Default.aspx
Donald Bosh,Knoxville,Pennsylvania,
Sandra Green,Kutztown,Pennsylvania,http://www.kutztownboro.org/council/index.php
Joseph Legnasky,Lake City,Pennsylvania,
Rick Gray,Lancaster,Pennsylvania,http://www.cityoflancasterpa.com/lancastercity/cwp/view.asp?A=672&Q=517632
Christopher Blaydon,Langhorne,Pennsylvania,http://www.buckscounty.org/government/municipalities/langhornboro.aspx
Jayne C. Young,Lansdowne,Pennsylvania,http://lansdowneborough.com/mayor-council-members/
Fred Feltenberger,Laureldale,Pennsylvania,http://www.laureldaleboro.org/
Pete Poninsky,Leetsdale,Pennsylvania,
Donald L. Rehrig,Lehighton,Pennsylvania,http://www.lehightonborough.com/index.php?page=boards_committees
Deborah A. Bargo,Lewistown,Pennsylvania,
Nick Vay,Lincoln,Pennsylvania,http://lincolnboro.tripod.com/
John L. Mark,Liverpool,Pennsylvania,http://www.liverpool.pa.net/govt.html
William D. Hart,Lykens,Pennsylvania,http://www.lykenspa.com/officials.htm
Randy Schlegel,Lyons,Pennsylvania,http://www.server724.com/lyons/index.htm
Thomas A. Bell,Mahaffey,Pennsylvania,
Gerard McGlone,Malvern,Pennsylvania,http://www.malvern.org/htms/counc01.html
Eric B. Phillips,Manheim,Pennsylvania,http://www.manheimtownship.org/index.aspx?nid=319
David Sturgess,Manor,Pennsylvania,http://www.manorborough.com/ManorPortal/Council/tabid/63/Default.aspx
Jeremy A. Berardinelli,Marianna,Pennsylvania,
Alexander J. Chelik,Mayfield,Pennsylvania,http://www.mayfieldborough.org/officials.html
Terry S. Bennett,McDonald,Pennsylvania,http://www.mcdonaldboro.com/
Weslee A. Clapper-Krepps,Mckean,Pennsylvania,
John Christopher Soff,Meadville,Pennsylvania,http://www.cityofmeadville.org/citycouncil.htm
Bob McMahon,Media,Pennsylvania,http://www.mediaborough.com/council/about-our-council
Ethel I. Kellerman,Milesburg,Pennsylvania,http://www.milesburgboro.com/officials-boards-and-commissions.html
Thomas S. Kramer,Millbourne,Pennsylvania,http://millbourneborough.org/Boroughofficials.html
John P. Antoline,Monaca,Pennsylvania,http://www.monacapa.net/index.asp?Type=B_BASIC&SEC={FA4C522E-C82D-4B71-9872-0B9D77CAC6E2}
Mary Jo Smith,Monessen,Pennsylvania,
John Dorin,Montoursville,Pennsylvania,http://www.montourpd.org/mayor.html
Maureen A. Piselli,Morton,Pennsylvania,
Timothy M. Allison,Mount Union,Pennsylvania,http://www.huntingdoncounty.net/MountUnion/Pages/MountUnionBoroughMayor.aspx
Raymond Bodnar,Munhall,Pennsylvania,http://www.munhallpa.us/mayor__council___staff
Thomas Lush,Myerstown,Pennsylvania,http://www.myerstownboro.org/council.html
Stephen Szymusiak,Nanty-Glo,Pennsylvania,
Joseph Taylor,New Milford,Pennsylvania,
Frances Tkach,New Philadelphia,Pennsylvania,
Grace Angotti,New Salem,Pennsylvania,http://newsalemborough.com/mayor.php
Nicholas W. DeSantis,New Stanton,Pennsylvania,
Mary M. Hetrick,Newport,Pennsylvania,http://www.newportboro.com/boro-office/borough-council
Lee I. Hall,North Charleroi,Pennsylvania,
Thomas Reenock,Northampton,Pennsylvania,http://www.northamptonboro.com/
George F. McCloskey,Norwood,Pennsylvania,http://norwood-borough.org/borough-government.html
Michele Petrini Avvisato,Old Forge,Pennsylvania,http://oldforgeborough.com/public/static/6
Austin Scandiber,Orwigsburg,Pennsylvania,http://www.orwigsburg.net/officials.html
Lewis Paul Cowher,Osceola Mills,Pennsylvania,http://aruathite.tripod.com/index-2.html
Geoffrey L. Henry,Oxford,Pennsylvania,http://www.themayorofoxford.com/Office_of_Mayor.php
Fred Carpenter,Palmyra,Pennsylvania,http://www.palmyraborough.org/index.php?option=com_content&view=article&id=53&Itemid=59
William McCall,Parker,Pennsylvania,http://www.parkercity.org/government.html
Ardele R. Gordon,Parkside,Pennsylvania,http://www.parksideboro.com/index.php?option=com_content&view=article&id=2&Itemid=7
Robert Winkler,Penndel,Pennsylvania,
Michael Nutter,Philadelphia,Pennsylvania,http://www.phila.gov/mayor/
Kimberly D. Brown-Zerbe,Pine Grove,Pennsylvania,http://www.pinegrovetownship.com/index.html
Luke Ravenstahl,Pittsburgh,Pennsylvania,http://www.city.pittsburgh.pa.us/mayor/
Bonnie Heath,Pottstown,Pennsylvania,http://www.pottstown.org/about_council.htm
John D. Reiley,Pottsville,Pennsylvania,http://www.ci.pottsville.pa.us/html/mayor.htm
Vaughn D. Spencer,Reading,Pennsylvania,http://www.readingpa.gov/mayor.asp
Guillermo Udarbe,Ridgway,Pennsylvania,http://ridgwayborough.com/officials.html
Desiree D. DeNicola,Roseto,Pennsylvania,
Edwin W. Rosenberry,Saxton,Pennsylvania,
Thomas C. Hufnagle,Sellersville,Pennsylvania,http://sellersvilleboro.org/government/
Anthony Hajjar,Seward,Pennsylvania,
Joseph McGranaghan,Shamokin Dam,Pennsylvania,
Robert O'Neill,Sharon Hill,Pennsylvania,http://sharonhillboro.com/government/
Richard Panza,Sharpsburg,Pennsylvania,http://sharpsburgborough.com/contact/contact.html
Bruce Hockersmith,Shippensburg,Pennsylvania,http://www.borough.shippensburg.pa.us/borough-government/mayor/
Boyd Paul,Snow Shoe,Pennsylvania,
William Meyer,Somerset,Pennsylvania,http://www.somersetborough.com/council.html
John Reynolds,Souderton,Pennsylvania,http://soudertonborough.org/administration/borough-council/47-borough-council-/12-john-r-reynolds
James Kennedy,South Coatesville,Pennsylvania,
Clyde R. Wadsworth,South Fork,Pennsylvania,
Elizabeth A. Goreham,State College,Pennsylvania,http://www.statecollegepa.us/index.aspx?NID=1158
Thomas F. Acri,Steelton,Pennsylvania,http://www.steeltonpa.com/mayor.asp
Sherman Metzgar,Stockertown,Pennsylvania,http://www.northamptoncounty.org/countyguide/cwp/view.asp?a=1546&Q=623164
William A. Boyd,Stoystown,Pennsylvania,
Charles Baugham,Stroudsburg,Pennsylvania,http://www.borough.stroudsburg.pa.us/borocouncil.htm
Paul R. McArdle,Summit Hill,Pennsylvania,http://www.summithillborough.com/joomla/index.php?option=com_content&task=view&id=21&Itemid=39
David L. Persing,Sunbury,Pennsylvania,http://www.cityofsunbury.com/Pages/Elected Officials/Mayor.aspx
Richard H. Lowe,Swarthmore,Pennsylvania,http://www.swarthmorepa.org/government/council.asp
Luke Duignam,Tatamy,Pennsylvania,
Jay Stover,Telford,Pennsylvania,"http://www.telfordborough.org/component/option,com_contact/task,view/contact_id,65/Itemid,66/"
Charles Harper,Three Springs,Pennsylvania,
Kenneth Danser,Timblin,Pennsylvania,
Frances B. Zalewski,Trainer,Pennsylvania,http://www.trainerborough.org/bo.htm
William Allar,Tremont,Pennsylvania,http://www.tremontborough.com/police.html
J. David Cutchineal,Tullytown,Pennsylvania,http://www.buckscounty.org/government/municipalities/TullytownBoro.aspx
LeAnn Hritz,Tunnelhill,Pennsylvania,
Adam Forgie,Turtle Creek,Pennsylvania,
Thomas N. Micozzie,Upper Darby,Pennsylvania,http://www.upperdarby.org/Gov/Mayor/The_Mayor.html
Jeffrey Steffler,Wampum,Pennsylvania,http://www.wampumboro.com/index.php?option=com_content&view=article&id=4&Itemid=5
Ester Cotner,Washingtonville,Pennsylvania,
Richard A. Starliper,Waynesboro,Pennsylvania,http://www.waynesboropa.org/government.htm
Carolyn T. Comitta,West Chester,Pennsylvania,http://www.west-chester.com/mayor.php
Gerald W. Gross,West Easton,Pennsylvania,
Ralph Harrington,West Elizabeth,Pennsylvania,
Frank A. Schmidt,West Hazleton,Pennsylvania,
John W. Dindak,West Homestead,Pennsylvania,
Mary E. Popovich,West Newton,Pennsylvania,
John Henry,West View,Pennsylvania,http://westviewborough.org/electedofficials.html
Dick Vargeson,Westfield,Pennsylvania,
James F. Nowalk,Whitehall,Pennsylvania,http://www.whitehallboro.org/borough/admin.html
Edward D. Hozza Jr.,Whitehall Township,Pennsylvania,
Thomas M. Leighton,Wilkes-Barre,Pennsylvania,http://www.wilkes-barre.pa.us/mayor.php
John Thompson,Wilkinsburg,Pennsylvania,http://www.wilkinsburgpa.gov/government/Mayor.aspx
David Perusso,Wilson,Pennsylvania,http://wilsonborough.org/officials
Larry Markel,Windsor,Pennsylvania,
Dolores Jones-Butler,Yeadon,Pennsylvania,http://yeadonborough.com/local-government/mayor-council/
John Sanford,Yoe,Pennsylvania,
C. Kim Bracey,York,Pennsylvania,http://yorkcity.org/mayor-c-kim-bracey
Alford Shull,York Springs,Pennsylvania,http://www.adamscounty.us/MunicipalitiesPlansOrdinances/YorkSpringsBorough.aspx
Joan Derco,Youngwood,Pennsylvania,http://www.youngwood.org/
Bruce Rogers,East Providence,Rhode Island,
Charles Lombardi,North Providence,Rhode Island,http://northprovidenceri.gov/mayor.htm
Angel Taveras,Providence,Rhode Island,http://cityof.providenceri.com/mayor
Joseph Riley,Charleston,South Carolina,http://www.charleston-sc.gov/dept/content.aspx?nid=495
Joseph T. McElveen Jr.,Sumter,South Carolina,http://www.sumter-sc.com/Government/Mayor.aspx
Darrick Jackson,Timmonsville,South Carolina,
Ron Littlefield,Chattanooga,Tennessee,http://www.chattanooga.gov/mayors-office
Thomas W. Taylor,Maryville,Tennessee,
A C Wharton,Memphis,Tennessee,http://www.cityofmemphis.org/framework.aspx?page=1
Tom Beehan,Oak Ridge,Tennessee,http://www.oakridgetenn.org/department/CityClerk/City-Council/content.aspx?article=1654
Bill Lusk,Signal Hill,Tennessee,
Lee Leffingwell,Austin,Texas,http://www.austintexas.gov/government
Tony Martinez,Brownsville,Texas,http://comission.cob.us/
Carl Sherman,DeSoto,Texas,http://www.ci.desoto.tx.us/index.aspx?NID=61
Richard Ward,Hurst,Texas,http://www.ci.hurst.tx.us/Council/Ccinfo.asp?ccID=1
Dana Williams,Park City,Utah,http://www.parkcity.org/index.aspx?page=57
Bob Kiss,Burlington,Vermont,http://www.ci.burlington.vt.us/mayor/
Christopher C. Louras,Rutland,Vermont,http://www.rutlandcity.com/
William Euille,Alexandria,Virginia,http://alexandriava.gov/Council
Faye Prichard,Ashland,Virginia,http://www.town.ashland.va.us/index.asp?Type=B_DIR&SEC={B2AFB315-6AE8-4F87-A426-EFBA80800F13}&DE={265CB439-8625-41EE-BD08-9B2CE4D0A538}
Paul D. Fraim,Norfolk,Virginia,http://www.norfolk.gov/mayor/
Brian A. Moore,Petersburg,Virginia,http://www.petersburg-va.org/council/mayor.asp
Dwight C. Jones,Richmond,Virginia,http://www.richmondgov.com/Mayor/biography.aspx
William Sessoms Jr.,Virginia Beach,Virginia,http://www.vbgov.com/vgn.aspx?vgnextoid=b57a3f04498ae110VgnVCM100000190c640aRCRD&vgnextchannel=8a43d7f0625fd010VgnVCM1000006310640aRCRD&vgnextfmt=default
H. Clarence Bauman,Chewelah,Washington,http://www.cityofchewelah.org/council/staff.aspx
Garland D. Walton,Connell,Washington,http://www.cityofconnell.com/mayor.html
Robert F. Sheckler,Des Moines,Washington,http://www.desmoineswa.gov/city_gov/city_council/members/6.html
Will Ibershof,Duvall,Washington,http://www.duvallwa.gov/council/ibershof.html
Gary S. Jensen,Ferndale,Washington,http://www.ci.ferndale.wa.us/mayor/mayor.php
Ron (Pete) Poulson,Kalama,Washington,http://www.cityofkalama.com/government.htm
David M. Ferguson,Mesa,Washington,
Daniel N. Mork,Millwood,Washington,http://cityofmillwood.org/content/index.php?option=com_content&view=article&id=50&Itemid=55
James F. Gerwig,Morton,Washington,http://www.visitmorton.com/index.cfm?page=_mc
Dennis Palmer,Oakesdale,Washington,http://www.oakesdale.org/leaders.htm
Spencer Nichols,Pe Ell,Washington,
Paul Warden,Prosser,Washington,http://www.cityofprosser.com/index.asp?Type=B_BASIC&SEC={3375C5A7-2F17-4AFF-9002-7E44ACF49FDA}
Terry Anderson,SeaTac,Washington,http://www.ci.seatac.wa.us/index.aspx?page=86
Mike McGinn,Seattle,Washington,http://www.seattle.gov/mayor/
Dianne W. White,Stanwood,Washington,http://www.ci.stanwood.wa.us/page.asp_Q_navigationid_E_41
Marilyn Strickland,Tacoma,Washington,http://www.cityoftacoma.org/Page.aspx?nid=54#Strickland
Soo Ing-Moody,Twisp,Washington,http://www.townoftwisp.com/townofficals.html
Harold H. Howell Jr.,Madison,West Virginia,
William C. Whalen,Ashland,Wisconsin,
Larry MacDonald,Bayfield,Wisconsin,http://www.cityofbayfield.com/mayor.htm
Keith Bosman,Kenosha,Wisconsin,http://www.kenosha.org/mayor/index.html
Paul R. Soglin,Madison,Wisconsin,http://www.cityofmadison.com/mayor/
Justin M. Nickels,Manitowoc,Wisconsin,http://www.manitowoc.org/index.aspx?nid=72
Chris L. Meyer,Marshfield,Wisconsin,http://ci.marshfield.wi.us/mayor/
Kurt Sonnentag,Middleton,Wisconsin,http://www.ci.middleton.wi.us/city/elected/local.asp
Tom Barrett,Milwaukee,Wisconsin,http://www.ci.mil.wi.us/display/router.asp?docid=306
Steve Scaffidi,Oak Creek,Wisconsin,
John Dickert,Racine,Wisconsin,http://www.cityofracine.org/CityGov/mayor/
James E. Tipple,Wausau,Wisconsin,http://www.ci.wausau.wi.us/Departments/Mayor.aspx