first_name,last_name,state
kirk,hinrich,atlanta
kwame,brown,charlotte
kobe,bryant,los angeles
kosta,koufos,denver
kurt,thomas,chicago
keyon,dooling,milwaukee
kyle,lowry,houston
kyle,weaver,utah
kyrylo,fesenko,utah
lamarcus,aldridge,portland
lamar,odom,los angeles
lance,stephenson,indiana
larry,sanders,milwaukee
kyle,korver,chicago
kevin,martin,houston
josh,smith,atlanta
kevin,garnett,boston
jon,brockman,milwaukee
lazar,hayward,minnesota
jonny,flynn,minnesota
jordan,hill,houston
jose,calderon,toronto
josh,childress,phoenix
kevin,love,minnesota
josh,powell,atlanta
jrue,holiday,philadelphia
julian,wright,toronto
juwan,howard,miami
keith,bogans,chicago
kendrick,perkins,oklahoma
kenyon,martin,denver
kevin,durant,oklahoma
josh,mcroberts,indiana
lebron,james,miami
leon,powe,memphis
mario,chalmers,miami
marquis,daniels,boston
marreese,speights,philadelphia
martell,webster,minnesota
marvin,williams,atlanta
matt,barnes,los angeles
matt,carroll,charlotte
maurice,ager,minnesota
mehmet,okur,utah
melvin,ely,denver
metta,world peace,los angeles
michael,beasley,minnesota
michael,redd,milwaukee
mickael,pietrus,phoenix
marcus,thornton,sacramento
marcus,cousin,utah
marcus,camby,portland
marcus,banks,toronto
linas,kleiza,toronto
lou,williams,philadelphia
luc,mbah a moute,milwaukee
luis,scola,houston
luke,babbitt,portland
luke,harangody,cleveland
leandro,barbosa,toronto
luke,ridnour,minnesota
luol,deng,chicago
luther,head,sacramento
malik,allen,orlando
manny,harris,cleveland
marc,gasol,memphis
marcin,gortat,phoenix
luke,walton,los angeles
john,salmons,milwaukee
gordon,hayward,utah
grant,hill,phoenix
greg,monroe,detroit
greivis,vasquez,memphis
hakim,warrick,phoenix
hamed,haddadi,memphis
hasheem,thabeet,houston
hassan,whiteside,sacramento
hedo,turkoglu,orlando
hilton,armstrong,atlanta
ian,mahinmi,dallas
ike,diogu,los angeles
ish,smith,memphis
j.j.,barea,dallas
jj,hickson,cleveland
goran,dragic,houston
glen,davis,boston
gilbert,arenas,orlando
gerald,wallace,portland
mike,bibby,miami
eric,bledsoe,los angeles
eric,gordon,los angeles
eric,maynor,oklahoma
erick,dampier,miami
ersan,ilyasova,milwaukee
etan,thomas,atlanta
evan,turner,philadelphia
jj,redick,orlando
fabricio,oberto,portland
francisco,garcia,sacramento
gani,lawal,phoenix
garret,siler,phoenix
garrett,temple,charlotte
gary,forbes,denver
gerald,henderson,charlotte
francisco,elson,utah
jr,smith,denver
jamaal,magloire,miami
jeff,foster,indiana
jeff,green,boston
jeff,teague,atlanta
jeremy,evans,utah
jermaine,o'neal,boston
jermaine,taylor,sacramento
jawad,williams,cleveland
jerry,stackhouse,miami
joakim,noah,chicago
jodie,meeks,philadelphia
joe,johnson,atlanta
joe,smith,los angeles
joel,anthony,miami
joel,przybilla,charlotte
joey,dorsey,toronto
joey,graham,cleveland
jerryd,bayless,toronto
john,lucas iii,chicago
jason,williams,memphis
jason,terry,dallas
jamal,crawford,atlanta
jamario,moon,los angeles
jameer,nelson,orlando
james,harden,oklahoma
james,johnson,toronto
james,jones,miami
james,posey,indiana
jason,thompson,sacramento
jared,dudley,phoenix
jarron,collins,portland
jason,collins,atlanta
jason,kapono,philadelphia
jason,kidd,dallas
jason,maxiell,detroit
jason,richardson,orlando
mike,conley,memphis
omri,casspi,sacramento
mike,harris,houston
daequan,cook,oklahoma
dahntay,jones,indiana
damien,wilkins,atlanta
daniel,gibson,cleveland
dajuan,summers,detroit
danilo,gallinari,denver
dante,cunningham,charlotte
darius,songaila,philadelphia
darko,milicic,minnesota
darnell,jackson,sacramento
darrell,arthur,memphis
danny,granger,indiana
darren,collison,indiana
dj,white,charlotte
d.j.,augustin,charlotte
chris,duhon,orlando
chris,johnson,portland
chris,kaman,los angeles
chris,wilcox,detroit
christian,eyenga,cleveland
cole,aldrich,oklahoma
corey,brewer,dallas
corey,maggette,milwaukee
courtney,lee,houston
craig,brackins,philadelphia
craig,smith,los angeles
chuck,hayes,houston
dominique,jones,dallas
donte,greene,sacramento
drew,gooden,milwaukee
dwight,howard,orlando
dwyane,wade,miami
dominic,mcguire,charlotte
earl,barron,portland
earl,clark,orlando
earl,watson,utah
ed,davis,toronto
eddie,house,miami
eduardo,najera,charlotte
earl,boykins,milwaukee
dirk,nowitzki,dallas
dexter,pittman,miami
devin,harris,utah
deandre,jordan,los angeles
demar,derozan,toronto
demarcus,cousins,sacramento
demarre,carroll,houston
desagana,diop,charlotte
deshawn,stevenson,dallas
delonte,west,boston
derek,fisher,los angeles
derrick,caracter,los angeles
derrick,favors,utah
derrick,rose,chicago
devin,ebanks,los angeles
chris,douglas-roberts,milwaukee
chris,bosh,miami
chris,andersen,denver
andres,nocioni,philadelphia
andrew,bogut,milwaukee
andrew,bynum,los angeles
antawn,jamison,cleveland
andrei,kirilenko,utah
anthony,parker,cleveland
anthony,randolph,minnesota
anthony,tolliver,minnesota
antoine,wright,sacramento
armon,johnson,portland
andrea,bargnani,toronto
andre,miller,portland
andre,iguodala,philadelphia
aj,price,indiana
aaron,brooks,phoenix
al,harrington,denver
al,horford,atlanta
al,jefferson,utah
al-farouq,aminu,los angeles
alexis,ajinca,toronto
alonzo,gee,cleveland
amir,johnson,toronto
anderson,varejao,cleveland
arron,afflalo,denver
elton,brand,philadelphia
austin,daye,detroit
baron,davis,cleveland
byron,mullens,oklahoma
c.j.,watson,chicago
cj,miles,utah
carlos,arroyo,boston
carlos,boozer,chicago
carlos,delfino,milwaukee
caron,butler,dallas
channing,frye,phoenix
charlie,villanueva,detroit
chase,budinger,houston
brian,skinner,milwaukee
brian,scalabrine,chicago
mike,dunleavy,indiana
ben,gordon,detroit
ben,wallace,detroit
beno,udrih,sacramento
blake,griffin,los angeles
boris,diaw,charlotte
brad,miller,houston
brandon,bass,orlando
brandon,jennings,milwaukee
brandon,roy,portland
brandon,rush,indiana
brendan,haywood,dallas
brian,cardinal,dallas
avery,bradley,boston
brian,cook,los angeles
antonio,daniels,philadelphia
theo,ratliff,los angeles
thaddeus,young,philadelphia
thabo,sefolosha,oklahoma
terrence,williams,houston
tayshaun,prince,detroit
taj,gibson,chicago
t.j.,ford,indiana
steve,nash,phoenix
steve,blake,los angeles
stephen,jackson,charlotte
spencer,hawes,philadelphia
sonny,weems,toronto
solomon,jones,indiana
solomon,alabi,toronto
sherron,collins,charlotte
shawn,marion,dallas
shaun,livingston,charlotte
shaquille,o'neal,boston
shannon,brown,los angeles
shane,battier,memphis
serge,ibaka,oklahoma
semih,erden,cleveland
sebastian,telfair,minnesota
sean,marks,portland
tony,allen,memphis
zach,randolph,memphis
zabian,dowdell,phoenix
yao,ming,houston
xavier,henry,memphis
wilson,chandler,denver
willie,warren,los angeles
will,bynum,detroit
wesley,matthews,portland
wesley,johnson,minnesota
wayne,ellington,minnesota
von,wafer,boston
vince,carter,phoenix
udonis,haslem,miami
tyson,chandler,dallas
tyrus,thomas,charlotte
tyreke,evans,sacramento
tyler,hansbrough,indiana
ty,lawson,denver
troy,murphy,boston
trey,johnson,los angeles
tracy,mcgrady,detroit
tony,battie,philadelphia
timofey,mozgov,denver
sasha,pavlovic,boston
samuel,dalembert,sacramento
quentin,richardson,orlando
pooh,jeter,sacramento
peja,stojakovic,dallas
paul,pierce,boston
paul,millsap,utah
paul,george,indiana
pau,gasol,los angeles
patty,mills,portland
patrick,patterson,houston
pape,sy,atlanta
omer,asik,chicago
o.j.,mayo,memphis
nikola,pekovic,minnesota
nicolas,batum,portland
nick,collison,oklahoma
nene,nan,denver
nenad,krstic,boston
nazr,mohammed,oklahoma
nate,robinson,oklahoma
morris,peterson,oklahoma
mo,williams,los angeles
mike,miller,miami
raja,bell,utah
rajon,rondo,boston
samardo,samuels,cleveland
sam,young,memphis
ryan,hollins,cleveland
ryan,gomes,los angeles
ryan,anderson,orlando
russell,westbrook,oklahoma
rudy,gay,memphis
rudy,fernandez,portland
royal,ivey,oklahoma
roy,hibbert,indiana
ronnie,price,utah
ronnie,brewer,chicago
ronald,dupree,toronto
zaza,pachulia,atlanta
rodney,stuckey,detroit
rodney,carney,memphis
robin,lopez,phoenix
richard,hamilton,detroit
reggie,evans,toronto
raymond,felton,denver
ray,allen,boston
rasual,butler,chicago
randy,foye,los angeles
ramon,sessions,cleveland
rodrigue,beaubois,dallas
zydrunas,ilgauskas,miami
zaza,pachulia,atlanta
eric,bledsoe,los angeles
enes,kanter,utah
elton,brand,philadelphia
elliot,williams,portland
ekpe,udoh,milwaukee
eduardo,najera,charlotte
eddy,curry,miami
ed,davis,toronto
earl,watson,utah
earl,clark,orlando
earl,boykins,houston
e'twaun,moore,boston
dwyane,wade,miami
dwight,howard,orlando
drew,gooden,milwaukee
donte,greene,sacramento
donald,sloan,cleveland
dominique,jones,dallas
dirk,nowitzki,dallas
zach,randolph,memphis
yi,jianlian,dallas
xavier,silas,philadelphia
travis,leslie,los angeles
travis,outlaw,sacramento
trey,thompkins,los angeles
tristan,thompson,cleveland
troy,murphy,los angeles
ty,lawson,denver
tyler,hansbrough,indiana
tyler,honeycutt,sacramento
tyreke,evans,sacramento
dexter,pittman,miami
tyrus,thomas,charlotte
udonis,haslem,miami
vernon,macklin,detroit
vince,carter,dallas
vladimir,radmanovic,atlanta
von,wafer,orlando
walker,russell,detroit
wayne,ellington,minnesota
wesley,johnson,minnesota
wesley,matthews,portland
will,bynum,detroit
willie,green,atlanta
wilson,chandler,denver
devin,harris,utah
devin,ebanks,los angeles
derrick,williams,minnesota
damien,wilkins,detroit
dahntay,jones,indiana
daequan,cook,oklahoma
dj,white,charlotte
d.j.,kennedy,cleveland
d.j.,augustin,charlotte
craig,smith,portland
craig,brackins,philadelphia
courtney,lee,houston
courtney,fortson,houston
corey,maggette,charlotte
corey,brewer,denver
cole,aldrich,oklahoma
chuck,hayes,sacramento
christian,eyenga,los angeles
chris,wilcox,boston
chris,paul,los angeles
chris,duhon,orlando
cory,higgins,charlotte
tracy,mcgrady,atlanta
daniel,gibson,cleveland
danilo,gallinari,denver
derrick,rose,chicago
derrick,favors,utah
derrick,brown,charlotte
derek,fisher,oklahoma
delonte,west,dallas
desagana,diop,charlotte
demarre,carroll,utah
demarcus,cousins,sacramento
daniel,orton,orlando
demar,derozan,toronto
deandre,liggins,orlando
deandre,jordan,los angeles
david,west,indiana
darren,collison,indiana
darko,milicic,minnesota
darius,morris,los angeles
darington,hobson,milwaukee
dante,cunningham,memphis
danny,granger,indiana
tony,battie,philadelphia
tony,allen,memphis
nick,collison,oklahoma
nick,young,los angeles
nicolas,batum,portland
nikola,pekovic,minnesota
nikola,vucevic,philadelphia
nolan,smith,portland
norris,cole,miami
o.j.,mayo,memphis
omer,asik,chicago
omri,casspi,cleveland
patrick,patterson,houston
pau,gasol,los angeles
paul,millsap,utah
paul,pierce,boston
quentin,richardson,orlando
quincy,pondexter,memphis
raja,bell,utah
rajon,rondo,boston
ramon,sessions,los angeles
chris,bosh,miami
randy,foye,los angeles
rasual,butler,toronto
ray,allen,boston
paul,george,indiana
raymond,felton,portland
nazr,mohammed,oklahoma
mychel,thompson,cleveland
mickael,pietrus,boston
michael,redd,phoenix
michael,beasley,minnesota
metta,world peace,los angeles
matt,carroll,charlotte
matt,barnes,los angeles
marvin,williams,atlanta
martell,webster,minnesota
francisco,elson,philadelphia
ersan,ilyasova,milwaukee
erick,dampier,atlanta
eric,maynor,oklahoma
mike,dunleavy,milwaukee
mike,james,chicago
mike,miller,miami
mo,williams,los angeles
monta,ellis,milwaukee
evan,turner,philadelphia
mike,conley,memphis
reggie,evans,los angeles
reggie,williams,charlotte
shaun,livingston,milwaukee
shawn,marion,dallas
solomon,alabi,toronto
spencer,hawes,philadelphia
steve,blake,los angeles
steve,nash,phoenix
shannon,brown,phoenix
taj,gibson,chicago
tayshaun,prince,detroit
terrel,harris,miami
terrence,williams,sacramento
thabo,sefolosha,oklahoma
thaddeus,young,philadelphia
timofey,mozgov,denver
tobias,harris,milwaukee
reggie,jackson,oklahoma
shane,battier,miami
semih,erden,cleveland
richard,hamilton,chicago
ricky,rubio,minnesota
robin,lopez,phoenix
rodney,stuckey,detroit
rodrigue,beaubois,dallas
ronnie,brewer,chicago
ronnie,price,phoenix
ronny,turiaf,miami
roy,hibbert,indiana
serge,ibaka,oklahoma
royal,ivey,oklahoma
rudy,gay,memphis
russell,westbrook,oklahoma
ryan,anderson,orlando
ryan,gomes,los angeles
ryan,hollins,boston
ryan,reid,oklahoma
sam,young,philadelphia
samardo,samuels,cleveland
samuel,dalembert,houston
sasha,pavlovic,boston
sean,williams,boston
sebastian,telfair,phoenix
rudy,fernandez,denver
chris,andersen,denver
malcolm,lee,minnesota
chase,budinger,houston
jerry,stackhouse,atlanta
jerryd,bayless,toronto
jimmer,fredette,sacramento
jimmy,butler,chicago
joakim,noah,chicago
jodie,meeks,philadelphia
joe,johnson,atlanta
joel,anthony,miami
joel,przybilla,portland
jermaine,o'neal,boston
john,salmons,sacramento
jon,brockman,milwaukee
jon,leuer,milwaukee
jonas,jerebko,detroit
jonny,flynn,portland
jordan,hamilton,denver
jordan,hill,los angeles
jose,calderon,toronto
john,lucas iii,chicago
josh,childress,phoenix
jamario,moon,charlotte
jameer,nelson,orlando
james,harden,oklahoma
james,johnson,toronto
james,jones,miami
jannero,pargo,atlanta
jared,dudley,phoenix
jeremy,pargo,memphis
jason,collins,atlanta
jason,kidd,dallas
jason,maxiell,detroit
jason,richardson,orlando
jason,terry,dallas
jason,thompson,sacramento
jeff,adrien,houston
jeff,ayres,indiana
jeff,foster,indiana
jeff,teague,atlanta
jeremy,evans,utah
jason,kapono,los angeles
jamal,crawford,portland
josh,davis,memphis
josh,howard,utah
kyle,lowry,houston
kyrie,irving,cleveland
kyrylo,fesenko,indiana
lamarcus,aldridge,portland
lamar,odom,dallas
lance,stephenson,indiana
larry,hughes,orlando
larry,sanders,milwaukee
lavoy,allen,philadelphia
kyle,korver,chicago
lazar,hayward,oklahoma
leandro,barbosa,indiana
lester,hudson,memphis
linas,kleiza,toronto
lou,amundson,indiana
lou,williams,philadelphia
luc,mbah a moute,milwaukee
luis,scola,houston
luke,babbitt,portland
luke,harangody,cleveland
luke,ridnour,minnesota
luke,walton,cleveland
luol,deng,chicago
lebron,james,miami
josh,mcroberts,los angeles
josh,selby,memphis
josh,smith,atlanta
jrue,holiday,philadelphia
julyan,stone,denver
justin,dentmon,toronto
justin,harper,orlando
juwan,howard,miami
kelenna,azubuike,dallas
kurt,thomas,portland
kemba,walker,charlotte
kenneth,faried,denver
kenyon,martin,los angeles
kevin,durant,oklahoma
kevin,garnett,boston
kevin,love,minnesota
kevin,martin,houston
keyon,dooling,boston
kirk,hinrich,atlanta
kobe,bryant,los angeles
kosta,koufos,denver
kendrick,perkins,oklahoma
jamaal,tinsley,utah
jamaal,magloire,toronto
javale,mcgee,denver
bismack,biyombo,charlotte
beno,udrih,milwaukee
ben,wallace,detroit
ben,uzoh,toronto
ben,gordon,detroit
avery,bradley,boston
austin,daye,detroit
arron,afflalo,denver
anthony,tolliver,minnesota
anthony,randolph,minnesota
blake,ahearn,utah
anthony,parker,cleveland
anthony,carter,toronto
antawn,jamison,cleveland
andrew,goudelock,los angeles
andrew,bynum,los angeles
andrew,bogut,milwaukee
andres,nocioni,philadelphia
andrea,bargnani,toronto
andre,miller,denver
andre,iguodala,philadelphia
anderson,varejao,cleveland
blake,griffin,los angeles
charlie,villanueva,detroit
channing,frye,phoenix
chandler,parsons,houston
caron,butler,los angeles
carlos,delfino,milwaukee
carlos,boozer,chicago
cj,miles,utah
bobby,simmons,los angeles
c.j.,watson,chicago
brian,skinner,memphis
brian,scalabrine,chicago
brian,cardinal,dallas
brendan,haywood,dallas
brandon,knight,detroit
brandon,jennings,milwaukee
brandon,bass,boston
brandan,wright,dallas
brad,miller,minnesota
byron,mullens,charlotte
amir,johnson,toronto
alonzo,gee,cleveland
marcus,camby,houston
marcin,gortat,phoenix
marc,gasol,memphis
manny,harris,cleveland
hakim,warrick,phoenix
hamed,haddadi,memphis
hasheem,thabeet,portland
marcus,morris,houston
hassan,whiteside,sacramento
ian,mahinmi,dallas
isaiah,thomas,sacramento
ish,smith,orlando
ivan,johnson,atlanta
j.j.,barea,minnesota
jj,hickson,portland
jj,redick,orlando
jajuan,johnson,boston
hedo,turkoglu,orlando
marcus,thornton,sacramento
mario,chalmers,miami
markieff,morris,phoenix
alec,burks,utah
alan,anderson,toronto
al,jefferson,utah
al,harrington,denver
aaron,gray,toronto
aj,price,indiana
francisco,garcia,sacramento
gary,forbes,toronto
george,hill,indiana
chauncey,billups,los angeles
gilbert,arenas,memphis
glen,davis,orlando
goran,dragic,houston
gordon,hayward,utah
grant,hill,phoenix
greg,monroe,detroit
greg,smith,houston
greg,stiemsma,boston
marreese,speights,memphis
marquis,daniels,boston
gerald,henderson,charlotte
al,horford,atlanta
paul,george,indiana
paul,millsap,utah
aaron,brooks,houston
zaza,pachulia,atlanta
pau,gasol,los angeles
patrick,patterson,sacramento
patrick,beverley,houston
pj,tucker,phoenix
orlando,johnson,indiana
omri,casspi,cleveland
omer,asik,houston
o.j.,mayo,dallas
norris,cole,miami
nolan,smith,portland
nikola,vucevic,orlando
nikola,pekovic,minnesota
zach,randolph,memphis
wilson,chandler,denver
willie,green,los angeles
tyler,zeller,cleveland
tyreke,evans,sacramento
tyrus,thomas,charlotte
tyshawn,taylor, brooklyn
udonis,haslem,miami
viacheslav,kravtsov,detroit
nicolas,batum,portland
victor,claver,portland
vladimir,radmanovic,chicago
wayne,ellington,cleveland
wesley,johnson,phoenix
wesley,matthews,portland
will,barton,portland
will,bynum,detroit
will,conroy,minnesota
vince,carter,dallas
nick,young,philadelphia
nick,collison,oklahoma
matt,barnes,los angeles
marvin,williams,utah
marreese,speights,cleveland
marquis,teague,chicago
marquis,daniels,milwaukee
matt,carroll,charlotte
markieff,morris,phoenix
marcus,thornton,sacramento
marcus,morris,phoenix
marco,belinelli,chicago
marcin,gortat,phoenix
marc,gasol,memphis
marshon,brooks, brooklyn
mario,chalmers,miami
tyler,honeycutt,sacramento
maurice,harkless,orlando
meyers,leonard,portland
nazr,mohammed,chicago
nate,robinson,chicago
monta,ellis,milwaukee
mo,williams,utah
mirza,teletovic, brooklyn
miles,plumlee,indiana
metta,world peace,los angeles
mike,scott,atlanta
mike,james,dallas
mike,dunleavy,milwaukee
mike,conley,memphis
mickael,pietrus,toronto
mickael,gelabale,minnesota
michael,kidd-gilchrist,charlotte
michael,beasley,phoenix
mike,miller,miami
tyler,hansbrough,indiana
troy,murphy,dallas
rodney,stuckey,detroit
rodrigue,beaubois,dallas
ronnie,brewer,oklahoma
ronnie,price,portland
ronny,turiaf,los angeles
roy,hibbert,indiana
royal,ivey,philadelphia
rudy,gay,toronto
russell,westbrook,oklahoma
ryan,hollins,los angeles
sam,young,indiana
samardo,samuels,cleveland
samuel,dalembert,milwaukee
robert,sacre,los angeles
ricky,rubio,minnesota
perry,jones iii,oklahoma
quincy,acy,toronto
quincy,miller,denver
quincy,pondexter,memphis
rajon,rondo,boston
ramon,sessions,charlotte
sasha,pavlovic,portland
randy,foye,utah
ray,allen,miami
reggie,evans, brooklyn
reggie,jackson,oklahoma
reggie,williams,charlotte
richard,hamilton,chicago
rashard,lewis,miami
sebastian,telfair,toronto
serge,ibaka,oklahoma
thaddeus,young,philadelphia
thomas,robinson,houston
tim,ohlbrecht,houston
timofey,mozgov,denver
tobias,harris,orlando
thabo,sefolosha,oklahoma
toney,douglas,sacramento
tony,wroten,memphis
tornike,shengelia, brooklyn
travis,outlaw,sacramento
tristan,thompson,cleveland
tony,allen,memphis
ty,lawson,denver
terrence,williams,boston
terrence,jones,houston
shane,battier,miami
shannon,brown,phoenix
shaun,livingston,cleveland
shavlik,randolph,boston
shawn,marion,dallas
shelvin,mack,atlanta
terrence,ross,toronto
spencer,hawes,philadelphia
steve,blake,los angeles
steve,nash,los angeles
taj,gibson,chicago
tayshaun,prince,memphis
malcolm,thomas,chicago
malcolm,lee,minnesota
maalik,wayns,los angeles
george,hill,indiana
gerald,green,indiana
gerald,henderson,charlotte
gerald,wallace, brooklyn
glen,davis,orlando
goran,dragic,phoenix
gordon,hayward,utah
grant,hill,los angeles
greg,monroe,detroit
greg,smith,houston
greg,stiemsma,minnesota
gustavo,ayon,milwaukee
hakim,warrick,charlotte
hamed,haddadi,phoenix
francisco,garcia,houston
joe,johnson, brooklyn
jodie,meeks,los angeles
joakim,noah,chicago
jimmy,butler,chicago
jimmer,fredette,sacramento
jerryd,bayless,memphis
jerry,stackhouse, brooklyn
jermaine,o'neal,phoenix
jeremy,pargo,philadelphia
jeremy,lin,houston
jeremy,lamb,oklahoma
jeremy,evans,utah
jeffery,taylor,charlotte
evan,turner,philadelphia
fab,melo,boston
jeremy,tyler,atlanta
hasheem,thabeet,oklahoma
hedo,turkoglu,orlando
jannero,pargo,charlotte
jared,cunningham,dallas
jared,dudley,phoenix
jared,jeffries,portland
jared,sullinger,boston
jarvis,varnado,miami
jason,maxiell,detroit
jason,richardson,philadelphia
jason,terry,boston
jason,thompson,sacramento
jeff,adrien,charlotte
jeff,ayres,indiana
joel,anthony,miami
james,johnson,sacramento
ian,mahinmi,indiana
isaiah,thomas,sacramento
ish,smith,milwaukee
ivan,johnson,atlanta
j.j.,barea,minnesota
jj,hickson,portland
james,jones,miami
jj,redick,milwaukee
javale,mcgee,denver
jae,crowder,dallas
jamaal,tinsley,utah
jamal,crawford,los angeles
jameer,nelson,orlando
james,anderson,houston
james,harden,houston
joel,freeland,portland
joel,przybilla,milwaukee
johan,petro,atlanta
lamarcus,aldridge,portland
kyrie,irving,cleveland
kyle,singler,detroit
kyle,o'quinn,orlando
kyle,lowry,toronto
kyle,korver,atlanta
kwame,brown,philadelphia
lamar,odom,los angeles
kris,humphries, brooklyn
kosta,koufos,denver
kobe,bryant,los angeles
kirk,hinrich,chicago
kim,english,detroit
khris,middleton,detroit
kris,joseph, brooklyn
keyon,dooling,memphis
lance,stephenson,indiana
landry,fields,toronto
luol,deng,chicago
luke,zeller,phoenix
luke,walton,cleveland
luke,ridnour,minnesota
luke,babbitt,portland
luis,scola,phoenix
luc,mbah a moute,milwaukee
lou,williams,atlanta
linas,kleiza,toronto
leandro,barbosa,boston
lebron,james,miami
lazar,hayward,minnesota
lavoy,allen,philadelphia
larry,sanders,milwaukee
paul,pierce,boston
kevin,martin,oklahoma
josh,howard,minnesota
josh,harrellson,miami
josh,childress, brooklyn
josh,akognon,dallas
jose,calderon,detroit
jordan,hill,los angeles
jordan,hamilton,denver
josh,mcroberts,charlotte
jordan,crawford,boston
jonas,jerebko,detroit
jon,leuer,memphis
john,salmons,sacramento
john,lucas iii,toronto
john,jenkins,atlanta
john,henson,milwaukee
jonas,valanciunas,toronto
kevin,murphy,utah
josh,selby,memphis
jrue,holiday,philadelphia
kevin,love,minnesota
kevin,jones,cleveland
kevin,garnett,boston
kevin,durant,oklahoma
kenneth,faried,denver
josh,smith,atlanta
kendrick,perkins,oklahoma
kemba,walker,charlotte
keith,bogans, brooklyn
juwan,howard,miami
justin,holiday,philadelphia
justin,dentmon,dallas
julyan,stone,denver
kendall,marshall,phoenix
jeff,green,boston
jeff,teague,atlanta
deshawn,stevenson,atlanta
dante,cunningham,minnesota
darius,johnson-odom,los angeles
darius,morris,los angeles
darko,milicic,boston
darrell,arthur,memphis
darren,collison,dallas
david,west,indiana
deandre,jordan,los angeles
deandre,liggins,oklahoma
demar,derozan,toronto
demarcus,cousins,sacramento
danny,granger,indiana
demarre,carroll,utah
danilo,gallinari,denver
damion,james, brooklyn
chris,wright,dallas
chuck,hayes,sacramento
cole,aldrich,sacramento
corey,brewer,denver
corey,maggette,detroit
cory,higgins,charlotte
courtney,lee,boston
d.j.,augustin,indiana
dj,white,boston
dajuan,summers,los angeles
daequan,cook,chicago
dahntay,jones,atlanta
damian,lillard,portland
damien,wilkins,philadelphia
daniel,gibson,cleveland
chris,wilcox,boston
dequan,jones,orlando
derek,fisher,oklahoma
e'twaun,moore,orlando
earl,clark,los angeles
earl,watson,utah
ed,davis,memphis
eddy,curry,dallas
ekpe,udoh,milwaukee
elton,brand,dallas
enes,kanter,utah
eric,bledsoe,los angeles
eric,maynor,portland
ersan,ilyasova,milwaukee
evan,fournier,denver
dwyane,wade,miami
desagana,diop,charlotte
dwight,howard,los angeles
deron,williams, brooklyn
derrick,favors,utah
derrick,williams,minnesota
devin,ebanks,los angeles
devin,harris,atlanta
dexter,pittman,memphis
diante,garrett,phoenix
dion,waiters,cleveland
dirk,nowitzki,dallas
dominic,mcguire,indiana
dominique,jones,dallas
donatas,motiejunas,houston
dorell,wright,philadelphia
doron,lamb,orlando
drew,gooden,milwaukee
daniel,orton,oklahoma
chris,paul,los angeles
andrew,goudelock,los angeles
andrew,nicholson,orlando
antawn,jamison,los angeles
anthony,morrow,dallas
anthony,randolph,denver
anthony,tolliver,atlanta
arnett,moultrie,philadelphia
arron,afflalo,orlando
austin,daye,memphis
avery,bradley,boston
ben,gordon,charlotte
chris,quinn,cleveland
ben,hansbrough,indiana
andrei,kirilenko,minnesota
andre,miller,denver
aaron,gray,toronto
al,harrington,orlando
al,horford,atlanta
al,jefferson,utah
alan,anderson,toronto
alec,burks,utah
alexey,shved,minnesota
alonzo,gee,cleveland
amir,johnson,toronto
anderson,varejao,cleveland
andray,blatche, brooklyn
andre,drummond,detroit
andre,iguodala,denver
andrea,bargnani,toronto
beno,udrih,orlando
bismack,biyombo,charlotte
caron,butler,los angeles
chandler,parsons,houston
charles,jenkins,philadelphia
charlie,villanueva,detroit
chauncey,billups,los angeles
chris,andersen,miami
chris,bosh,miami
chris,douglas-roberts,dallas
chris,duhon,los angeles
chris,johnson,minnesota
chris,johnson,memphis
chris,kaman,dallas
bernard,james,dallas
carlos,delfino,houston
chase,budinger,minnesota
blake,griffin,los angeles
carlos,boozer,chicago
brandan,wright,dallas
brandon,bass,boston
brandon,knight,detroit
brandon,roy,minnesota
brandon,jennings,milwaukee
brendan,haywood,charlotte
brook,lopez, brooklyn
byron,mullens,charlotte
c.j.,watson, brooklyn
cj,miles,cleveland
ronnie,price,orlando
rudy,gay,sacramento
royce,white,sacramento
royal,ivey,oklahoma
roy,hibbert,indiana
ronny,turiaf,minnesota
rudy,gobert,utah
ronnie,brewer,chicago
ricky,ledo,dallas
rodney,stuckey,detroit
robin,lopez,portland
robert,sacre,los angeles
robert,covington,houston
robbie,hummel,minnesota
ricky,rubio,minnesota
richard,jefferson,utah
russell,westbrook,oklahoma
roger,mason jr.,miami
shawne,williams,los angeles
ryan,hollins,los angeles
shelvin,mack,atlanta
reggie,williams,oklahoma
shawn,marion,dallas
shavlik,randolph,phoenix
shaun,livingston, brooklyn
shane,larkin,dallas
shane,edwards,cleveland
shane,battier,miami
shabazz,muhammad,minnesota
seth,curry,cleveland
sergey,karasev,cleveland
serge,ibaka,oklahoma
scotty,hopson,cleveland
sasha,vujacic,los angeles
samuel,dalembert,dallas
ryan,kelly,los angeles
ryan,gomes,oklahoma
reggie,jackson,oklahoma
andrew,bynum,indiana
reggie,bullock,los angeles
patrick,beverley,houston
pj,tucker,phoenix
othyus,jeffers,minnesota
orlando,johnson,sacramento
omri,casspi,houston
omer,asik,houston
o.j.,mayo,milwaukee
norris,cole,miami
nikola,vucevic,orlando
nikola,pekovic,minnesota
nicolas,batum,portland
nick,young,los angeles
nick,collison,oklahoma
solomon,hill,indiana
patrick,patterson,toronto
reggie,evans,sacramento
paul,george,indiana
ray,mccallum,sacramento
ray,allen,miami
rasual,butler,indiana
rashard,lewis,miami
randy,foye,denver
ramon,sessions,milwaukee
rajon,rondo,boston
quincy,pondexter,memphis
quincy,miller,denver
quincy,acy,sacramento
phil,pressey,boston
peyton,siva,detroit
perry,jones iii,oklahoma
pero,antic,atlanta
paul,pierce, brooklyn
paul,millsap,atlanta
pau,gasol,los angeles
solomon,jones,orlando
al,jefferson,charlotte
andre,roberson,oklahoma
zaza,pachulia,milwaukee
zach,randolph,memphis
xavier,henry,los angeles
wilson,chandler,denver
willie,green,los angeles
will,bynum,detroit
will,barton,portland
wesley,matthews,portland
wesley,johnson,los angeles
wayne,ellington,dallas
vitor,faverani,boston
vince,carter,dallas
victor,oladipo,orlando
victor,claver,portland
andre,drummond,detroit
anderson,varejao,cleveland
aj,price,minnesota
aaron,brooks,denver
aaron,gray,sacramento
adonis,thomas,philadelphia
al,horford,atlanta
nick,calathes,memphis
alan,anderson, brooklyn
alec,burks,utah
alex,len,phoenix
alexey,shved,minnesota
allen,crabbe,portland
alonzo,gee,cleveland
amir,johnson,toronto
andray,blatche, brooklyn
spencer,hawes,cleveland
viacheslav,kravtsov,phoenix
udonis,haslem,miami
tobias,harris,orlando
timofey,mozgov,denver
thomas,robinson,portland
thaddeus,young,philadelphia
thabo,sefolosha,oklahoma
terrence,ross,toronto
terrence,jones,houston
tayshaun,prince,memphis
taj,gibson,chicago
steven,adams,oklahoma
steve,novak,toronto
andrei,kirilenko, brooklyn
stephen,jackson,los angeles
toney,douglas,miami
vander,blue,boston
tony,allen,memphis
tony,mitchell,detroit
tyshawn,taylor, brooklyn
tyler,zeller,cleveland
tyler,hansbrough,toronto
ty,lawson,denver
troy,daniels,houston
tristan,thompson,cleveland
trey,burke,utah
travis,outlaw,sacramento
tornike,shengelia,chicago
tony,wroten,philadelphia
tony,snell,chicago
tony,mitchell,milwaukee
steve,nash,los angeles
nazr,mohammed,chicago
darius,johnson-odom,philadelphia
dante,cunningham,minnesota
danny,granger,los angeles
daniel,orton,philadelphia
damian,lillard,portland
dj,white,charlotte
dj,stephens,milwaukee
d.j.,augustin,chicago
courtney,lee,memphis
corey,brewer,minnesota
darius,morris,memphis
darrell,arthur,denver
darren,collison,los angeles
dexter,pittman,atlanta
dewayne,dedmon,orlando
devin,harris,dallas
derrick,williams,sacramento
derrick,rose,chicago
derrick,favors,utah
deron,williams, brooklyn
cody,zeller,charlotte
derek,fisher,oklahoma
demarre,carroll,atlanta
demarcus,cousins,sacramento
demar,derozan,toronto
dejuan,blair,dallas
deandre,liggins,miami
deandre,jordan,los angeles
david,west,indiana
dennis,schroder,atlanta
chuck,hayes,toronto
chris,wright,milwaukee
carl,landry,sacramento
cj,miles,cleveland
cj,mccollum,portland
c.j.,watson,indiana
byron,mullens,philadelphia
brook,lopez, brooklyn
carlos,boozer,chicago
brandon,rush,utah
brandon,jennings,detroit
brandon,davies,philadelphia
brandon,bass,boston
brandan,wright,dallas
blake,griffin,los angeles
brandon,knight,milwaukee
diante,garrett,utah
carrick,felix,cleveland
chris,paul,los angeles
chris,kaman,los angeles
chris,johnson,boston
chris,douglas-roberts,charlotte
chris,copeland,indiana
chris,bosh,miami
caron,butler,oklahoma
chris,babb,boston
chauncey,billups,detroit
chase,budinger,minnesota
charlie,villanueva,detroit
channing,frye,phoenix
chandler,parsons,houston
casper,ware,philadelphia
cartier,martin,atlanta
chris,andersen,miami
bismack,biyombo,charlotte
dionte,christmas,phoenix
donald,sloan,indiana
ian,clark,utah
hollis,thompson,philadelphia
henry,sims,philadelphia
hedo,turkoglu,los angeles
hasheem,thabeet,oklahoma
hamady,ndiaye,sacramento
gustavo,ayon,atlanta
greivis,vasquez,toronto
greg,smith,houston
greg,oden,miami
greg,monroe,detroit
ian,mahinmi,indiana
isaiah,canaan,houston
isaiah,thomas,sacramento
james,nunnally,philadelphia
james,jones,miami
james,johnson,memphis
james,harden,houston
james,anderson,philadelphia
jameer,nelson,orlando
jamal,crawford,los angeles
gorgui,dieng,minnesota
jamaal,tinsley,utah
jae,crowder,dallas
javale,mcgee,denver
jj,redick,los angeles
jj,hickson,denver
j.j.,barea,minnesota
ish,smith,phoenix
jamaal,franklin,memphis
gordon,hayward,utah
goran,dragic,phoenix
elliot,williams,philadelphia
elias,harris,los angeles
ekpe,udoh,milwaukee
ed,davis,memphis
earl,watson,portland
e'twaun,moore,orlando
elton,brand,atlanta
dwyane,wade,miami
dwight,buycks,toronto
doron,lamb,orlando
dorell,wright,portland
donatas,motiejunas,houston
dwight,howard,houston
dirk,nowitzki,dallas
enes,kanter,utah
glen,davis,los angeles
gigi,datome,detroit
giannis,antetokounmpo,milwaukee
gerald,wallace,boston
gerald,henderson,charlotte
gerald,green,phoenix
george,hill,indiana
eric,bledsoe,phoenix
gary,neal,charlotte
gal,mekel,dallas
francisco,garcia,houston
evan,turner,indiana
evan,fournier,denver
ersan,ilyasova,milwaukee
erik,murphy,chicago
eric,maynor,philadelphia
bernard,james,dallas
dion,waiters,cleveland
ben,mclemore,sacramento
landry,fields,toronto
larry,sanders,milwaukee
lavoy,allen,indiana
lebron,james,miami
leandro,barbosa,phoenix
lorenzo,brown,philadelphia
lou,amundson,chicago
lou,williams,atlanta
luke,ridnour,charlotte
luol,deng,cleveland
maalik,wayns,los angeles
malcolm,thomas,utah
manny,harris,los angeles
luc,mbah a moute,minnesota
marshon,brooks,los angeles
lance,stephenson,indiana
kyrie,irving,cleveland
kevin,durant,oklahoma
kevin,garnett, brooklyn
kevin,love,minnesota
kevin,martin,minnesota
khris,middleton,milwaukee
lamarcus,aldridge,portland
kirk,hinrich,chicago
kobe,bryant,los angeles
kosta,koufos,memphis
kris,humphries,boston
kyle,korver,atlanta
kyle,lowry,toronto
kyle,o'quinn,orlando
kyle,singler,detroit
kentavious,caldwell-pope,detroit
marc,gasol,memphis
beno,udrih,memphis
mike,muscala,atlanta
mike,miller,memphis
mike,james,chicago
mike,harris,utah
mike,dunleavy,chicago
mike,conley,memphis
mike,scott,atlanta
michael,kidd-gilchrist,charlotte
michael,beasley,miami
meyers,leonard,portland
maurice,harkless,orlando
matthew,dellavedova,cleveland
michael,carter-williams,philadelphia
miles,plumlee,phoenix
mirza,teletovic, brooklyn
marcus,morris,phoenix
marcus,thornton, brooklyn
mario,chalmers,miami
markieff,morris,phoenix
marquis,teague, brooklyn
miroslav,raduljica,milwaukee
marvin,williams,utah
matt,barnes,los angeles
nate,wolters,milwaukee
nate,robinson,denver
nando,de colo,toronto
mustafa,shakur,oklahoma
monta,ellis,dallas
mo,williams,portland
mason,plumlee, brooklyn
kent,bazemore,los angeles
luis,scola,indiana
kenneth,faried,denver
jared,dudley,los angeles
jared,sullinger,boston
jarvis,varnado,philadelphia
jason,collins, brooklyn
jason,maxiell,orlando
jason,terry, brooklyn
jared,cunningham,sacramento
jason,thompson,sacramento
jeff,green,boston
jeff,teague,atlanta
jeffery,taylor,charlotte
jeremy,evans,utah
jeremy,lamb,oklahoma
jeff,adrien,milwaukee
jeremy,lin,houston
jannero,pargo,charlotte
andrew,nicholson,orlando
ben,gordon,charlotte
avery,bradley,boston
arron,afflalo,orlando
arnett,moultrie,philadelphia
jan,vesely,denver
arinze,onuaku,cleveland
anthony,tolliver,charlotte
anthony,randolph,denver
anthony,bennett,cleveland
antawn,jamison,los angeles
andris,biedrins,utah
archie,goodwin,phoenix
jarrett,jack,cleveland
jerryd,bayless,boston
jon,leuer,memphis
jonas,jerebko,detroit
jonas,valanciunas,toronto
jordan,farmar,los angeles
jordan,hamilton,houston
jordan,hill,los angeles
jorge,gutierrez, brooklyn
jose,calderon,dallas
josh,harrellson,detroit
josh,mcroberts,charlotte
josh,powell,houston
josh,smith,detroit
julyan,stone,toronto
justin,hamilton,miami
keith,bogans,boston
kelly,olynyk,boston
kendall,marshall,los angeles
kendrick,perkins,oklahoma
john,salmons,toronto
kemba,walker,charlotte
joel,anthony,boston
joakim,noah,chicago
jimmy,butler,chicago
joel,freeland,portland
john,henson,milwaukee
john,jenkins,atlanta
john,lucas iii,utah
joe,johnson, brooklyn
jimmer,fredette,chicago
jodie,meeks,los angeles
deron,williams, brooklyn
derrick,rose,chicago
demarre,carroll,atlanta
demarcus,cousins,sacramento
demar,derozan,toronto
derrick,williams,sacramento
devin,harris,dallas
devyn,marble,orlando
dewayne,dedmon,orlando
dion,waiters,oklahoma
dirk,nowitzki,dallas
derrick,favors,utah
dennis,schroder,atlanta
zaza,pachulia,milwaukee
danilo,gallinari,denver
danny,granger,phoenix
dante,exum,utah
donald,sloan,indiana
darius,morris, brooklyn
darren,collison,sacramento
david,stockton,sacramento
david,wear,sacramento
david,west,indiana
deandre,jordan,los angeles
darrell,arthur,denver
donatas,motiejunas,houston
drew,gordon,philadelphia
doug,mcdermott,chicago
zach,randolph,memphis
zach,lavine,minnesota
victor,claver,portland
xavier,henry,los angeles
wilson,chandler,denver
willie,green,orlando
will,cherry,toronto
will,barton,denver
wesley,matthews,portland
wesley,johnson,los angeles
wayne,ellington,los angeles
vince,carter,memphis
victor,oladipo,orlando
dorell,wright,portland
damjan,rudez,indiana
elijah,millsap,utah
elfrid,payton,orlando
ekpe,udoh,los angeles
ed,davis,los angeles
earl,clark, brooklyn
earl,barron,phoenix
e'twaun,moore,chicago
dwyane,wade,miami
dwight,powell,dallas
dwight,howard,houston
dwight,buycks,los angeles
zoran,dragic,miami
elliot,williams,philadelphia
damian,lillard,portland
d.j.,augustin,oklahoma
andre,roberson,oklahoma
andrei,kirilenko, brooklyn
andrew,nicholson,orlando
andrew,wiggins,minnesota
anthony,bennett,minnesota
anthony,morrow,oklahoma
anthony,tolliver,detroit
archie,goodwin,phoenix
arinze,onuaku,minnesota
arron,afflalo,portland
austin,daye,atlanta
austin,rivers,los angeles
avery,bradley,boston
ben,gordon,orlando
ben,mclemore,sacramento
beno,udrih,memphis
andre,miller,sacramento
bernard,james,dallas
andre,dawkins,miami
vander,blue,los angeles
aj,price,cleveland
aaron,brooks,chicago
aaron,gordon,orlando
adreian,payne,minnesota
al,horford,atlanta
al,jefferson,charlotte
al-farouq,aminu,dallas
alan,anderson, brooklyn
alec,burks,utah
alex,kirk,cleveland
alex,len,phoenix
allen,crabbe,portland
alonzo,gee,portland
amar'e,stoudemire,dallas
amir,johnson,toronto
anderson,varejao,cleveland
andre,drummond,detroit
bismack,biyombo,charlotte
blake,griffin,los angeles
bojan,bogdanovic, brooklyn
channing,frye,orlando
charlie,villanueva,dallas
chase,budinger,minnesota
chris,andersen,miami
chris,bosh,miami
chris,copeland,indiana
chris,douglas-roberts,los angeles
chris,johnson,utah
chris,kaman,portland
chris,paul,los angeles
chuck,hayes,toronto
clint,capela,houston
cody,zeller,charlotte
corey,brewer,houston
cory,jefferson, brooklyn
courtney,lee,memphis
chandler,parsons,dallas
cartier,martin,detroit
caron,butler,detroit
brandan,wright,phoenix
brandon,bass,boston
brandon,davies,philadelphia
brandon,jennings,detroit
brandon,knight,phoenix
brendan,haywood,cleveland
dahntay,jones,los angeles
brian,roberts,charlotte
bruno,caboclo,toronto
bryce,cotton,utah
c.j.,watson,indiana
cj,mccollum,portland
cj,miles,indiana
cj,wilcox,los angeles
cameron,bairstow,chicago
carl,landry,sacramento
carlos,boozer,los angeles
brook,lopez, brooklyn
udonis,haslem,miami
rodney,stuckey,indiana
tyrus,thomas,memphis
johnny,o'bryant iii,milwaukee
jon,leuer,memphis
jonas,jerebko,boston
jonas,valanciunas,toronto
jordan,adams,memphis
jordan,clarkson,los angeles
jordan,farmar,los angeles
jordan,hamilton,los angeles
jorge,gutierrez,milwaukee
josh,mcroberts,miami
josh,smith,houston
julius,randle,los angeles
justin,hamilton,minnesota
jordan,hill,los angeles
john,lucas iii,detroit
john,jenkins,atlanta
john,henson,milwaukee
jeremy,evans,utah
jeremy,lamb,oklahoma
jeremy,lin,los angeles
jerome,jordan, brooklyn
jerrelle,benimon,denver
jerryd,bayless,milwaukee
jimmy,butler,chicago
joakim,noah,chicago
jodie,meeks,detroit
joe,harris,cleveland
joe,ingles,utah
joe,johnson, brooklyn
joel,anthony,detroit
joel,freeland,portland
joey,dorsey,houston
joffrey,lauvergne,denver
jusuf,nurkic,denver
kj,mcdaniels,houston
kalin,lucas,memphis
kyle,korver,atlanta
kyle,lowry,toronto
kyle,o'quinn,orlando
kyle,singler,oklahoma
kyrie,irving,cleveland
lamarcus,aldridge,portland
lance,stephenson,charlotte
landry,fields,toronto
larry,drew ii,philadelphia
larry,sanders,milwaukee
lavoy,allen,indiana
lebron,james,cleveland
lester,hudson,los angeles
jerel,mcneal,phoenix
kostas,papanikolaou,houston
kobe,bryant,los angeles
kelly,olynyk,boston
kemba,walker,charlotte
kendall,marshall,milwaukee
kendrick,perkins,cleveland
kenneth,faried,denver
kent,bazemore,atlanta
kentavious,caldwell-pope,detroit
kenyon,martin,milwaukee
kevin,durant,oklahoma
kevin,garnett,minnesota
kevin,love,cleveland
kevin,martin,minnesota
khris,middleton,milwaukee
kirk,hinrich,chicago
kosta,koufos,memphis
jerami,grant,philadelphia
jeffery,taylor,charlotte
gigi,datome,boston
glen,davis,los angeles
glenn,robinson iii,philadelphia
goran,dragic,miami
gordon,hayward,utah
gorgui,dieng,minnesota
grant,jerrett,utah
greg,monroe,detroit
greg,smith,dallas
greg,stiemsma,toronto
greivis,vasquez,toronto
hassan,whiteside,miami
hedo,turkoglu,los angeles
henry,sims,philadelphia
henry,walker,miami
giannis,antetokounmpo,milwaukee
hollis,thompson,philadelphia
gerald,wallace,boston
gerald,green,phoenix
elton,brand,atlanta
enes,kanter,oklahoma
eric,bledsoe,phoenix
eric,moreland,sacramento
erick,green,denver
ersan,ilyasova,milwaukee
evan,fournier,orlando
evan,turner,boston
francisco,garcia,houston
furkan,aldemir,philadelphia
gal,mekel,dallas
gary,harris,denver
gary,neal,minnesota
george,hill,indiana
gerald,henderson,charlotte
lorenzo,brown,minnesota
ian,clark,denver
iman,shumpert,cleveland
james,young,boston
jannero,pargo,charlotte
jared,cunningham,los angeles
jared,dudley,milwaukee
jared,sullinger,boston
jarnell,stokes,memphis
jarrett,jack, brooklyn
jason,maxiell,charlotte
jason,richardson,philadelphia
jason,terry,houston
jason,thompson,sacramento
jeff,adrien,houston
jeff,green,memphis
jeff,teague,atlanta
james,jones,cleveland
ian,mahinmi,indiana
james,johnson,toronto
james,ennis iii,miami
isaiah,canaan,philadelphia
isaiah,thomas,boston
ish,smith,philadelphia
j.j.,barea,dallas
jj,hickson,denver
jj,redick,los angeles
jr,smith,cleveland
jakarr,sampson,philadelphia
jamychal,green,memphis
javale,mcgee,denver
jabari,brown,los angeles
jabari,parker,milwaukee
jack,cooley,utah
jae,crowder,boston
jamaal,franklin,denver
jamal,crawford,los angeles
jameer,nelson,denver
james,harden,houston
tyson,chandler,dallas
luc,mbah a moute,philadelphia
ryan,kelly,los angeles
sean,kilpatrick,minnesota
sebastian,telfair,oklahoma
serge,ibaka,oklahoma
sergey,karasev, brooklyn
seth,curry,phoenix
ryan,hollins,sacramento
shabazz,muhammad,minnesota
shannon,brown,miami
shavlik,randolph,phoenix
shawn,marion,cleveland
shawne,williams,detroit
shayne,whittington,indiana
shabazz,napier,miami
russell,westbrook,oklahoma
russ,smith,memphis
reggie,bullock,phoenix
reggie,evans,sacramento
reggie,jackson,detroit
richard,jefferson,dallas
ricky,rubio,minnesota
robbie,hummel,minnesota
robert,covington,philadelphia
robert,sacre,los angeles
robin,lopez,portland
rodney,hood,utah
ronnie,price,los angeles
ronny,turiaf,minnesota
roy,hibbert,indiana
rudy,gay,sacramento
rudy,gobert,utah
shelvin,mack,atlanta
sim,bhullar,sacramento
solomon,hill,indiana
spencer,dinwiddie,detroit
tony,allen,memphis
tony,snell,chicago
tony,wroten,philadelphia
toure',murry,utah
trevor,ariza,houston
trevor,booker,utah
trey,burke,utah
tristan,thompson,cleveland
troy,daniels,charlotte
ty,lawson,denver
tyler,ennis,milwaukee
tyler,hansbrough,toronto
tyler,johnson,miami
tyler,zeller,boston
raymond,felton,dallas
tobias,harris,orlando
spencer,hawes,los angeles
steve,blake,portland
steve,novak,oklahoma
steven,adams,oklahoma
tj,warren,phoenix
taj,gibson,chicago
tarik,black,los angeles
tayshaun,prince,detroit
terrence,jones,houston
terrence,ross,toronto
thabo,sefolosha,atlanta
thaddeus,young, brooklyn
thomas,robinson,philadelphia
tim,frazier,portland
timofey,mozgov,cleveland
ray,mccallum,sacramento
randy,foye,denver
matt,barnes,los angeles
matthew,dellavedova,cleveland
maurice,harkless,orlando
meyers,leonard,portland
michael,beasley,miami
michael,carter-williams,milwaukee
michael,kidd-gilchrist,charlotte
mike,conley,memphis
mike,dunleavy,chicago
mike,miller,cleveland
mike,muscala,atlanta
mike,scott,atlanta
miles,plumlee,milwaukee
miroslav,raduljica,minnesota
mirza,teletovic, brooklyn
mitch,mcgary,oklahoma
mason,plumlee, brooklyn
mo,williams,charlotte
marvin,williams,charlotte
lucas,nogueira,toronto
luis,scola,indiana
luke,ridnour,orlando
luol,deng,miami
malcolm,lee,philadelphia
malcolm,thomas,philadelphia
marc,gasol,memphis
marcus,morris,phoenix
marcus,smart,boston
marcus,thornton,phoenix
mario,chalmers,miami
markel,brown, brooklyn
markieff,morris,phoenix
lou,williams,toronto
monta,ellis,dallas
nate,wolters,milwaukee
pablo,prigioni,houston
patrick,beverley,houston
patrick,christopher,memphis
patrick,patterson,toronto
pau,gasol,chicago
paul,george,indiana
paul,millsap,atlanta
pero,antic,atlanta
perry,jones iii,oklahoma
phil,pressey,boston
quincy,miller,detroit
rajon,rondo,dallas
pj,tucker,phoenix
nate,robinson,denver
pj,hairston,charlotte
omri,casspi,sacramento
nazr,mohammed,chicago
nerlens,noel,philadelphia
nick,calathes,memphis
nick,collison,oklahoma
nick,johnson,houston
nick,young,los angeles
nicolas,batum,portland
nik,stauskas,sacramento
nikola,mirotic,chicago
nikola,pekovic,minnesota
nikola,vucevic,orlando
noah,vonleh,charlotte
o.j.,mayo,milwaukee
clint,capela,houston
aaron,gordon,orlando
mario,hezonja,orlando
markel,brown, brooklyn
marvin,williams,charlotte
mason,plumlee,portland
matt,barnes,memphis
matthew,dellavedova,cleveland
maurice,harkless,portland
metta,world peace,los angeles
meyers,leonard,portland
michael,beasley,houston
michael,carter-williams,milwaukee
michael,kidd-gilchrist,charlotte
mike,conley,memphis
mike,dunleavy,chicago
mike,miller,denver
mike,muscala,atlanta
mike,scott,atlanta
miles,plumlee,milwaukee
mirza,teletovic,phoenix
mitch,mcgary,oklahoma
mo,williams,cleveland
monta,ellis,indiana
mario,chalmers,miami
marcus,smart,boston
marcus,morris,detroit
kyle,singler,oklahoma
kyrie,irving,cleveland
lamar,patterson,atlanta
lance,stephenson,memphis
larry,nance jr.,los angeles
lavoy,allen,indiana
lebron,james,cleveland
montrezl,harrell,houston
lorenzo,brown,detroit
lou,williams,los angeles
luc,mbah a moute,los angeles
lucas,nogueira,toronto
luis,montero,portland
luis,scola,toronto
luol,deng,miami
marc,gasol,memphis
marcelo,huertas,los angeles
marco,belinelli,sacramento
myles,turner,indiana
nazr,mohammed,oklahoma
quincy,acy,sacramento
rj,hunter,boston
rajon,rondo,sacramento
rakeem,christmas,indiana
randy,foye,oklahoma
rashad,vaughn,milwaukee
raul,neto,utah
raymond,felton,dallas
reggie,bullock,detroit
phil,pressey,portland
reggie,jackson,detroit
richaun,holmes,philadelphia
ricky,rubio,minnesota
robert,covington,philadelphia
robert,sacre,los angeles
rodney,hood,utah
rodney,stuckey,indiana
rondae,hollis-jefferson, brooklyn
ronnie,price,phoenix
roy,hibbert,los angeles
rudy,gay,sacramento
rudy,gobert,utah
richard,jefferson,cleveland
kyle,lowry,toronto
paul,pierce,los angeles
paul,george,indiana
nemanja,bjelica,minnesota
nerlens,noel,philadelphia
nick,collison,oklahoma
nick,young,los angeles
nicolas,batum,charlotte
nik,stauskas,philadelphia
nikola,jokic,denver
nikola,mirotic,chicago
nikola,pekovic,minnesota
nikola,vucevic,orlando
noah,vonleh,portland
paul,millsap,atlanta
norman,powell,toronto
o.j.,mayo,milwaukee
omri,casspi,sacramento
pj,hairston,memphis
pj,tucker,phoenix
pablo,prigioni,los angeles
pat,connaughton,portland
patrick,beverley,houston
patrick,patterson,toronto
pau,gasol,chicago
russ,smith,memphis
kyle,korver,atlanta
james,young,boston
jared,cunningham,cleveland
jared,sullinger,boston
jarell,martin,memphis
jarnell,stokes,memphis
jarrett,jack, brooklyn
jason,smith,orlando
jason,terry,houston
jason,thompson,toronto
jeff,ayres,los angeles
jeff,green,los angeles
jeff,teague,atlanta
jeff,withey,utah
jerami,grant,philadelphia
jeremy,evans,dallas
jeremy,lamb,charlotte
jeremy,lin,charlotte
jerryd,bayless,milwaukee
jimmy,butler,chicago
joakim,noah,chicago
james,jones,cleveland
james,johnson,toronto
james,harden,houston
aaron,brooks,chicago
greivis,vasquez,milwaukee
hassan,whiteside,miami
henry,sims, brooklyn
hollis,thompson,philadelphia
ian,mahinmi,indiana
iman,shumpert,cleveland
isaiah,canaan,philadelphia
isaiah,thomas,boston
ish,smith,philadelphia
jodie,meeks,detroit
j.j.,barea,dallas
jj,o'brien,utah
jj,redick,los angeles
jr,smith,cleveland
jakarr,sampson,denver
jamychal,green,memphis
javale,mcgee,dallas
jabari,parker,milwaukee
jae,crowder,boston
jahlil,okafor,philadelphia
jamal,crawford,los angeles
jameer,nelson,denver
james,anderson,sacramento
joe,harris,cleveland
joe,ingles,utah
joe,johnson,miami
jusuf,nurkic,denver
kj,mcdaniels,houston
karl-anthony,towns,minnesota
keith,appling,orlando
kelly,olynyk,boston
kemba,walker,charlotte
kendall,marshall,philadelphia
kenneth,faried,denver
kent,bazemore,atlanta
justise,winslow,miami
kentavious,caldwell-pope,detroit
kevin,garnett,minnesota
kevin,love,cleveland
khris,middleton,milwaukee
kirk,hinrich,atlanta
kobe,bryant,los angeles
kosta,koufos,sacramento
kostas,papanikolaou,denver
kris,humphries,atlanta
kevin,durant,oklahoma
justin,holiday,chicago
justin,anderson,dallas
joe,young,indiana
joel,anthony,detroit
joffrey,lauvergne,denver
john,henson,milwaukee
john,jenkins,phoenix
johnny,o'bryant iii,milwaukee
jon,leuer,phoenix
jonas,jerebko,boston
jonas,valanciunas,toronto
jordan,adams,memphis
justin,harper, brooklyn
jordan,clarkson,los angeles
jordan,hill,indiana
jordan,mcrae,cleveland
jordan,mickey,boston
jorge,gutierrez,charlotte
josh,huestis,oklahoma
josh,mcroberts,miami
josh,richardson,miami
josh,smith,houston
julius,randle,los angeles
jordan,farmar,memphis
russell,westbrook,oklahoma
ryan,hollins,memphis
cory,joseph,toronto
cory,jefferson,phoenix
corey,brewer,houston
cole,aldrich,los angeles
cody,zeller,charlotte
cliff,alexander,portland
chuck,hayes,los angeles
christian,wood,philadelphia
chris,mccullough, brooklyn
chris,kaman,portland
coty,clarke,boston
chris,johnson,utah
chris,bosh,miami
chris,andersen,memphis
chase,budinger,phoenix
charlie,villanueva,dallas
channing,frye,cleveland
chandler,parsons,dallas
caron,butler,sacramento
carl,landry,philadelphia
cameron,payne,oklahoma
cameron,bairstow,detroit
cj,wilcox,los angeles
chris,copeland,milwaukee
cj,miles,indiana
courtney,lee,charlotte
d'angelo,russell,los angeles
devin,harris,dallas
devin,booker,phoenix
derrick,rose,chicago
derrick,favors,utah
deron,williams,dallas
dennis,schroder,atlanta
delon,wright,toronto
demarre,carroll,toronto
demarcus,cousins,sacramento
demar,derozan,toronto
cristiano,felicio,chicago
deandre,jordan,los angeles
david,lee,dallas
darrun,hilliard,detroit
darren,collison,sacramento
darrell,arthur,denver
danilo,gallinari,denver
damjan,rudez,minnesota
damien,inglis,milwaukee
damian,lillard,portland
dahntay,jones,cleveland
d.j.,augustin,denver
devyn,marble,orlando
cj,mccollum,portland
anthony,bennett,toronto
andrew,wiggins,minnesota
andrew,nicholson,orlando
andrew,goudelock,houston
andrea,bargnani, brooklyn
andre,roberson,oklahoma
andre,drummond,detroit
amir,johnson,boston
anthony,brown,los angeles
amar'e,stoudemire,miami
allen,crabbe,portland
alex,stepheson,memphis
alex,len,phoenix
alec,burks,utah
alan,williams,phoenix
al-farouq,aminu,portland
al,jefferson,charlotte
al,horford,atlanta
adreian,payne,minnesota
aaron,harrison,charlotte
c.j.,watson,orlando
anthony,tolliver,detroit
bryce,cotton,memphis
bruno,caboclo,toronto
brook,lopez, brooklyn
briante,weber,miami
brian,roberts,portland
brandon,knight,phoenix
brandon,jennings,orlando
brandon,bass,los angeles
branden,dawson,los angeles
brandan,wright,memphis
anthony,morrow,oklahoma
bobby,portis,chicago
blake,griffin,los angeles
bismack,biyombo,toronto
beno,udrih,memphis
ben,mclemore,sacramento
axel,toupane,denver
avery,bradley,boston
austin,rivers,los angeles
aron,baynes,detroit
archie,goodwin,phoenix
bojan,bogdanovic, brooklyn
dewayne,dedmon,orlando
chris,paul,los angeles
dirk,nowitzki,dallas
terrence,ross,toronto
terry,rozier,boston
thabo,sefolosha,atlanta
thaddeus,young, brooklyn
thomas,robinson, brooklyn
tiago,splitter,atlanta
tibor,pleiss,utah
tim,hardaway jr.,atlanta
timofey,mozgov,cleveland
tobias,harris,detroit
tony,allen,memphis
tony,snell,chicago
trevor,ariza,houston
trevor,booker,utah
trey,burke,utah
trey,lyles,utah
tristan,thompson,cleveland
troy,daniels,charlotte
ty,lawson,indiana
terrence,jones,houston
tayshaun,prince,minnesota
tarik,black,los angeles
taj,gibson,chicago
ryan,kelly,los angeles
salah,mejri,dallas
sam,dekker,houston
sasha,kaun,cleveland
sean,kilpatrick, brooklyn
serge,ibaka,oklahoma
sergey,karasev, brooklyn
seth,curry,sacramento
shabazz,muhammad,minnesota
shabazz,napier,orlando
shane,larkin, brooklyn
tyler,ennis,milwaukee
shelvin,mack,utah
solomon,hill,indiana
dion,waiters,oklahoma
spencer,dinwiddie,chicago
spencer,hawes,charlotte
stanley,johnson,detroit
steve,blake,detroit
steve,novak,milwaukee
steven,adams,oklahoma
t.j.,mcconnell,philadelphia
tj,warren,phoenix
shayne,whittington,indiana
tyler,hansbrough,charlotte
sonny,weems,phoenix
tyler,zeller,boston
evan,turner,boston
evan,fournier,orlando
ersan,ilyasova,orlando
erick,green,denver
eric,moreland,sacramento
eric,bledsoe,phoenix
enes,kanter,oklahoma
emmanuel,mudiay,denver
elton,brand,philadelphia
elliot,williams,charlotte
frank,kaminsky,charlotte
elijah,millsap,utah
edy,tavares,atlanta
ed,davis,portland
e'twaun,moore,chicago
dwight,powell,dallas
dwight,howard,houston
duje,dukan,sacramento
doug,mcdermott,chicago
donatas,motiejunas,houston
donald,sloan, brooklyn
tyler,johnson,miami
elfrid,payton,orlando
dwyane,wade,miami
tyson,chandler,phoenix
gary,harris,denver
tyus,jones,minnesota
udonis,haslem,miami
victor,oladipo,orlando
wayne,ellington, brooklyn
wesley,johnson,los angeles
wesley,matthews,dallas
will,barton,denver
willie,cauley-stein,sacramento
willie,reed, brooklyn
xavier,munford,memphis
vince,carter,memphis
zach,randolph,memphis
zach,lavine,minnesota
george,hill,indiana
giannis,antetokounmpo,milwaukee
glenn,robinson iii,indiana
gerald,green,miami
gordon,hayward,utah
goran,dragic,miami
greg,monroe,milwaukee
greg,smith,minnesota
zaza,pachulia,dallas
gorgui,dieng,minnesota
gerald,henderson,portland
anthony,bennett, brooklyn
anthony,brown,orlando
andrew,wiggins,minnesota
andrew,nicholson, brooklyn
andrew,harrison,memphis
andrew,bogut,cleveland
amir,johnson,boston
andre,drummond,detroit
alonzo,gee,denver
allen,crabbe,portland
anthony,morrow,chicago
alex,poythress,philadelphia
alex,len,phoenix
andre,roberson,oklahoma
anthony,tolliver,sacramento
boban,marjanovic,detroit
arinze,onuaku,orlando
brandon,ingram,los angeles
alex,abrines,oklahoma
brandon,bass,los angeles
brandan,wright,memphis
boris,diaw,utah
bobby,portis,chicago
archie,goodwin, brooklyn
bobby,brown,houston
beno,udrih,detroit
ben,mclemore,sacramento
ben,bentil,dallas
avery,bradley,boston
austin,rivers,los angeles
arron,afflalo,sacramento
aron,baynes,detroit
blake,griffin,los angeles
alec,burks,utah
vince,carter,memphis
alan,anderson,los angeles
tyus,jones,minnesota
udonis,haslem,miami
victor,oladipo,oklahoma
wade,baldwin iv,memphis
wayne,ellington,miami
wayne,selden,memphis
wesley,johnson,los angeles
wesley,matthews,dallas
tyson,chandler,phoenix
will,barton,denver
willie,reed,miami
wilson,chandler,denver
yogi,ferrell,dallas
zach,lavine,minnesota
zach,randolph,memphis
willie,cauley-stein,sacramento
alan,williams,phoenix
tyreke,evans,sacramento
tyler,ulis,phoenix
al-farouq,aminu,portland
al,jefferson,indiana
al,horford,boston
adreian,payne,minnesota
aaron,harrison,charlotte
aaron,gordon,orlando
aaron,brooks,indiana
aj,hammons,dallas
tyler,zeller,boston
trevor,ariza,houston
trey,lyles,utah
tristan,thompson,cleveland
troy,daniels,memphis
troy,williams,houston
ty,lawson,sacramento
tyler,ennis,los angeles
tyler,johnson,miami
trevor,booker, brooklyn
brandon,knight,phoenix
bismack,biyombo,orlando
brian,roberts,charlotte
kyle,wiltjer,houston
kyle,singler,oklahoma
kyle,lowry,toronto
kyle,korver,cleveland
kris,humphries,atlanta
kris,dunn,minnesota
kosta,koufos,sacramento
khris,middleton,milwaukee
kevin,seraphin,indiana
kyrie,irving,cleveland
kevin,love,cleveland
kentavious,caldwell-pope,detroit
kent,bazemore,atlanta
kenneth,faried,denver
kemba,walker,charlotte
kelly,olynyk,boston
kay,felder,cleveland
karl-anthony,towns,minnesota
kj,mcdaniels, brooklyn
jusuf,nurkic,portland
justise,winslow,miami
justin,harper,philadelphia
justin,hamilton, brooklyn
lance,stephenson,indiana
marquese,chriss,phoenix
mario,hezonja,orlando
marcus,smart,boston
marcus,morris,detroit
marcus,georges-hunt,orlando
marco,belinelli,charlotte
marcelo,huertas,los angeles
marc,gasol,memphis
manny,harris,dallas
malik,beasley,denver
lamar,patterson,atlanta
malcolm,delaney,atlanta
malachi,richardson,sacramento
luol,deng,los angeles
luke,babbitt,miami
luis,scola, brooklyn
lucas,nogueira,toronto
luc,mbah a moute,los angeles
lou,williams,houston
leandro,barbosa,phoenix
lebron,james,cleveland
lavoy,allen,indiana
larry,sanders,cleveland
larry,nance jr.,los angeles
langston,galloway,sacramento
malcolm,brogdon,milwaukee
justin,anderson,philadelphia
julius,randle,los angeles
juancho,hernangomez,denver
jeremy,lamb,charlotte
jerami,grant,oklahoma
jeff,withey,utah
jeff,teague,indiana
jeff,green,orlando
jaylen,brown,boston
jason,terry,milwaukee
jarrod,uthoff,dallas
jarnell,stokes,denver
brandon,rush,minnesota
jarell,eddie,phoenix
jared,sullinger,toronto
jeremy,lin, brooklyn
jared,dudley,phoenix
james,jones,cleveland
james,johnson,miami
james,harden,houston
james,ennis iii,memphis
jameer,nelson,denver
jamal,murray,denver
jamal,crawford,los angeles
jakob,poeltl,toronto
jake,layman,portland
jahlil,okafor,philadelphia
jae,crowder,boston
jabari,parker,milwaukee
james,young,boston
jerian,grant,chicago
jerryd,bayless,philadelphia
jimmy,butler,chicago
josh,richardson,miami
josh,mcroberts,miami
josh,huestis,oklahoma
jose,calderon,atlanta
jordan,mickey,boston
jordan,mcrae,cleveland
jordan,hill,minnesota
jordan,farmar,sacramento
jordan,clarkson,los angeles
jonathan,gibson,dallas
jonas,valanciunas,toronto
jonas,jerebko,boston
jon,leuer,detroit
johnny,o'bryant iii,charlotte
jodie,meeks,orlando
joe,harris, brooklyn
joe,ingles,utah
joe,johnson,utah
joe,young,indiana
marreese,speights,los angeles
joel,embiid,philadelphia
joffrey,lauvergne,chicago
john,henson,milwaukee
john,jenkins,phoenix
john,lucas iii,minnesota
joel,bolomboy,utah
jamychal,green,memphis
mason,plumlee,denver
rondae,hollis-jefferson, brooklyn
ronnie,price,phoenix
roy,hibbert,denver
rudy,gay,sacramento
rudy,gobert,utah
russell,westbrook,oklahoma
ryan,anderson,houston
ryan,kelly,atlanta
salah,mejri,dallas
sam,dekker,houston
sean,kilpatrick, brooklyn
semaj,christon,oklahoma
serge,ibaka,toronto
sergio,rodriguez,philadelphia
shabazz,muhammad,minnesota
shabazz,napier,portland
shawn,long,philadelphia
shelvin,mack,utah
skal,labissiere,sacramento
spencer,dinwiddie, brooklyn
spencer,hawes,milwaukee
stanley,johnson,detroit
stephen,zimmerman,orlando
steve,novak,milwaukee
seth,curry,dallas
steven,adams,oklahoma
rodney,stuckey,indiana
rodney,hood,utah
pat,connaughton,portland
patricio,garino,orlando
patrick,beverley,houston
patrick,patterson,toronto
paul,george,indiana
paul,millsap,atlanta
paul,pierce,los angeles
paul,zipser,chicago
pierre,jackson,dallas
quincy,acy, brooklyn
rodney,mcgruder,miami
rj,hunter,chicago
rakeem,christmas,indiana
ramon,sessions,charlotte
randy,foye, brooklyn
rashad,vaughn,milwaukee
raul,neto,utah
raymond,felton,los angeles
reggie,bullock,detroit
reggie,jackson,detroit
richard,jefferson,cleveland
richaun,holmes,philadelphia
ricky,rubio,minnesota
robert,covington,philadelphia
robin,lopez,chicago
rajon,rondo,chicago
t.j.,mcconnell,philadelphia
tj,warren,phoenix
taj,gibson,oklahoma
nicolas,brussino,dallas
nicolas,batum,charlotte
nick,young,los angeles
nick,collison,oklahoma
nerlens,noel,dallas
nene,nan,houston
nemanja,bjelica,minnesota
myles,turner,indiana
montrezl,harrell,houston
monta,ellis,indiana
mirza,teletovic,milwaukee
miles,plumlee,charlotte
nik,stauskas,philadelphia
mike,tobey,charlotte
mike,muscala,atlanta
mike,miller,denver
mike,dunleavy,atlanta
mike,conley,memphis
michael,kidd-gilchrist,charlotte
michael,gbinije,detroit
michael,carter-williams,chicago
michael,beasley,milwaukee
meyers,leonard,portland
metta,world peace,los angeles
maurice,harkless,portland
matthew,dellavedova,milwaukee
mike,scott,atlanta
nikola,jokic,denver
nikola,mirotic,chicago
nikola,vucevic,orlando
tarik,black,los angeles
taurean,prince,atlanta
terrence,jones,milwaukee
terrence,ross,orlando
terry,rozier,boston
thabo,sefolosha,atlanta
thaddeus,young,indiana
thomas,robinson,los angeles
thon,maker,milwaukee
tiago,splitter,philadelphia
tim,hardaway jr.,atlanta
tim,quarterman,portland
timofey,mozgov,los angeles
timothe,luwawu-cabarrot,philadelphia
tobias,harris,detroit
noah,vonleh,portland
norman,powell,toronto
norris,cole,oklahoma
okaro,white,miami
omri,casspi,minnesota
marvin,williams,charlotte
pascal,siakam,toronto
treveon,graham,charlotte
tony,snell,milwaukee
tony,allen,memphis
toney,douglas,memphis
pj,tucker,toronto
jr,smith,cleveland
jarell,martin,memphis
j.j.,barea,dallas
cristiano,felicio,chicago
d'angelo,russell,los angeles
d.j.,augustin,orlando
dahntay,jones,cleveland
damian,lillard,portland
damjan,rudez,orlando
dante,exum,utah
dario,saric,philadelphia
darrell,arthur,denver
darren,collison,sacramento
danilo,gallinari,denver
cory,joseph,toronto
corey,brewer,los angeles
cole,aldrich,minnesota
c.j.,watson,orlando
cj,mccollum,portland
cj,wilcox,orlando
cameron,payne,chicago
caris,levert, brooklyn
chandler,parsons,memphis
channing,frye,cleveland
chinanu,onuaku,houston
chris,andersen,cleveland
chris,paul,los angeles
christian,wood,charlotte
clint,capela,houston
cody,zeller,charlotte
darrun,hilliard,detroit
david,nwaba,los angeles
diamond,stone,los angeles
dion,waiters,miami
dirk,nowitzki,dallas
domantas,sabonis,oklahoma
dorian,finney-smith,dallas
doug,mcdermott,oklahoma
dragan,bender,phoenix
jj,redick,los angeles
dwight,howard,atlanta
dwight,powell,dallas
dwyane,wade,chicago
ed,davis,portland
edy,tavares,cleveland
elfrid,payton,orlando
deyonta,davis,memphis
buddy,hield,sacramento
devin,booker,phoenix
deandre,jordan,los angeles
deandre,liggins,dallas
deandre',bembry,atlanta
demar,derozan,toronto
demarre,carroll,toronto
delon,wright,toronto
demetrius,jackson,boston
dennis,schroder,atlanta
denzel,valentine,chicago
deron,williams,cleveland
derrick,favors,utah
derrick,jones jr.,phoenix
derrick,williams,cleveland
devin,harris,dallas
cj,miles,indiana
brook,lopez, brooklyn
gerald,henderson,philadelphia
gerald,green,boston
georgios,papagiannis,sacramento
georges,niang,indiana
george,hill,utah
gary,payton ii,milwaukee
gary,neal,atlanta
giannis,antetokounmpo,milwaukee
gary,harris,denver
fred,vanvleet,toronto
frank,kaminsky,charlotte
evan,turner,portland
evan,fournier,orlando
ersan,ilyasova,atlanta
eric,gordon,houston
bruno,caboclo,toronto
garrett,temple,sacramento
enes,kanter,oklahoma
glenn,robinson iii,indiana
gordon,hayward,utah
ivica,zubac,los angeles
ish,smith,detroit
isaiah,whitehead, brooklyn
isaiah,thomas,boston
isaiah,taylor,houston
isaiah,canaan,chicago
iman,shumpert,cleveland
goran,dragic,miami
henry,ellenson,detroit
hassan,whiteside,miami
harrison,barnes,dallas
greivis,vasquez, brooklyn
greg,monroe,milwaukee
gorgui,dieng,minnesota
emmanuel,mudiay,denver
eric,bledsoe,phoenix
elijah,millsap,phoenix
brice,johnson,los angeles
briante,weber,charlotte
harrison,barnes,dallas
eric,gordon,houston
eric,bledsoe,milwaukee
elfrid,payton,phoenix
ekpe,udoh,utah
edmond,sumner,indiana
ed,davis,portland
eric,moreland,detroit
dwyane,wade,miami
dwight,powell,dallas
dwight,howard,charlotte
dwight,buycks,detroit
dwayne,bacon,charlotte
dragan,bender,phoenix
doug,mcdermott,dallas
dorian,finney-smith,dallas
donovan,mitchell,utah
erik,mccree,utah
ersan,ilyasova,philadelphia
evan,fournier,orlando
hassan,whiteside,miami
henry,ellenson,detroit
greg,monroe,boston
gorgui,dieng,minnesota
gordon,hayward,boston
goran,dragic,miami
glenn,robinson iii,indiana
giannis,antetokounmpo,milwaukee
gian,clavell,dallas
gerald,green,houston
georgios,papagiannis,portland
georges,niang,utah
george,hill,cleveland
gary,payton ii,los angeles
gary,harris,denver
garrett,temple,sacramento
furkan,korkmaz,philadelphia
fred,vanvleet,toronto
frank,mason,sacramento
frank,kaminsky,charlotte
evan,turner,portland
guerschon,yabusele,boston
domantas,sabonis,indiana
dion,waiters,miami
arron,afflalo,orlando
austin,rivers,los angeles
avery,bradley,los angeles
bam,adebayo,miami
ben,mclemore,memphis
ben,moore,indiana
ben,simmons,philadelphia
bismack,biyombo,orlando
blake,griffin,detroit
boban,marjanovic,los angeles
bobby,brown,houston
bobby,portis,chicago
bogdan,bogdanovic,sacramento
bojan,bogdanovic,indiana
aron,baynes,boston
brandon,ingram,los angeles
brandon,jennings,milwaukee
briante,weber,memphis
brice,johnson,los angeles
brook,lopez,los angeles
bruno,caboclo,sacramento
buddy,hield,sacramento
c.j.,williams,los angeles
cj,mccollum,portland
cj,miles,toronto
caleb,swanigan,portland
cameron,payne,chicago
brandan,wright,memphis
caris,levert, brooklyn
antonius,cleveland,atlanta
anthony,tolliver,detroit
aaron,brooks,minnesota
aaron,gordon,orlando
aaron,harrison,dallas
aaron,jackson,houston
abdel,nader,boston
adreian,payne,orlando
al,horford,boston
al,jefferson,indiana
al-farouq,aminu,portland
alan,williams,phoenix
alec,burks,utah
alec,peters,phoenix
alex,abrines,oklahoma
alex,caruso,los angeles
antonio,blakeney,chicago
alex,len,phoenix
alfonzo,mckinnie,toronto
allen,crabbe, brooklyn
amir,johnson,philadelphia
andre,drummond,detroit
andre,ingram,los angeles
andre,roberson,oklahoma
andrew,bogut,los angeles
andrew,harrison,memphis
andrew,white iii,atlanta
andrew,wiggins,minnesota
ante,zizic,cleveland
anthony,brown,minnesota
alex,poythress,indiana
carmelo,anthony,oklahoma
cedi,osman,cleveland
chandler,parsons,memphis
david,nwaba,chicago
david,stockton,utah
davon,reed,phoenix
de'aaron,fox,sacramento
deandre,jordan,los angeles
deandre',bembry,atlanta
demar,derozan,toronto
demarre,carroll, brooklyn
delon,wright,toronto
demetrius,jackson,philadelphia
dennis,smith jr.,dallas
denzel,valentine,chicago
derrick,favors,utah
derrick,jones jr.,miami
derrick,rose,minnesota
derrick,walton jr.,miami
derrick,williams,los angeles
devin,booker,phoenix
devin,harris,denver
dewayne,dedmon,atlanta
deyonta,davis,memphis
dillon,brooks,memphis
dennis,schroder,atlanta
darren,collison,indiana
darrell,arthur,denver
channing,frye,los angeles
chinanu,onuaku,houston
chris,paul,houston
clint,capela,houston
cody,zeller,charlotte
cole,aldrich,minnesota
corey,brewer,oklahoma
cory,joseph,indiana
cristiano,felicio,chicago
d'angelo,russell, brooklyn
d.j.,augustin,orlando
d.j.,wilson,milwaukee
dario,saric,philadelphia
danuel,house jr.,phoenix
dante,exum,utah
dante,cunningham, brooklyn
danilo,gallinari,los angeles
dirk,nowitzki,dallas
daniel,theis,boston
damion,lee,atlanta
damien,wilkins,indiana
damian,lillard,portland
dakari,johnson,oklahoma
daniel,hamilton,oklahoma
ike,anigbogu,indiana
mario,hezonja,orlando
isaiah,canaan,oklahoma
raymond,felton,oklahoma
raul,neto,utah
rashad,vaughn,milwaukee
rj,hunter,houston
quincy,pondexter,chicago
reggie,bullock,detroit
quincy,acy, brooklyn
paul,millsap,denver
paul,george,oklahoma
patrick,patterson,oklahoma
patrick,beverley,los angeles
pat,connaughton,portland
paul,zipser,chicago
pascal,siakam,toronto
reggie,hearn,detroit
richard,jefferson,denver
scotty,hopson,dallas
sam,dekker,los angeles
salah,mejri,dallas
ryan,arcidiacono,chicago
ryan,anderson,houston
russell,westbrook,oklahoma
rudy,gobert,utah
reggie,jackson,detroit
royce,o'neale,utah
rodney,purvis,orlando
rodney,mcgruder,miami
rodney,hood,cleveland
robin,lopez,chicago
robert,covington,philadelphia
ricky,rubio,utah
richaun,holmes,philadelphia
rondae,hollis-jefferson, brooklyn
sean,kilpatrick,chicago
pj,dozier,oklahoma
myke,henry,memphis
montrezl,harrell,los angeles
monte,morris,denver
mirza,teletovic,milwaukee
milton,doyle, brooklyn
milos,teodosic,los angeles
miles,plumlee,atlanta
myles,turner,indiana
mike,james,phoenix
mike,conley,memphis
michael,kidd-gilchrist,charlotte
michael,carter-williams,charlotte
meyers,leonard,portland
maxi,kleber,dallas
maurice,harkless,portland
mike,muscala,atlanta
p.j.,tucker,houston
nate,wolters,utah
nemanja,bjelica,minnesota
omer,asik,chicago
omari,johnson,memphis
okaro,white,cleveland
og,anunoby,toronto
norman,powell,toronto
noah,vonleh,chicago
nikola,vucevic,orlando
naz,mitrou-long,utah
nik,stauskas, brooklyn
nigel,hayes,sacramento
nicolas,brussino,atlanta
nicolas,batum,charlotte
nick,collison,oklahoma
nerlens,noel,dallas
nene,nan,houston
nikola,jokic,denver
semi,ojeleye,boston
serge,ibaka,toronto
shabazz,muhammad,milwaukee
vincent,hunter,memphis
vince,carter,sacramento
victor,oladipo,indiana
vander,blue,los angeles
udonis,haslem,miami
tyus,jones,minnesota
tyson,chandler,phoenix
tyrone,wallace,los angeles
wade,baldwin iv,portland
tyreke,evans,memphis
tyler,ulis,phoenix
tyler,lydon,denver
tyler,johnson,miami
tyler,ennis,los angeles
tyler,dorsey,atlanta
tyler,cavanaugh,atlanta
troy,daniels,phoenix
tyler,zeller,milwaukee
tristan,thompson,cleveland
wayne,selden,memphis
iman,shumpert,sacramento
zhou,qi,houston
zach,randolph,sacramento
zach,lavine,chicago
zach,collins,portland
yogi,ferrell,dallas
xavier,silas,boston
wayne,ellington,miami
wilson,chandler,denver
willy,hernangomez,charlotte
willie,reed,los angeles
willie,cauley-stein,sacramento
will,barton,denver
wesley,matthews,dallas
wesley,johnson,los angeles
wes,iwundu,orlando
xavier,munford,milwaukee
trey,mckinney-jones,indiana
trey,lyles,denver
tarik,black,houston
taj,gibson,minnesota
tj,leaf,indiana
t.j.,warren,phoenix
t.j.,mcconnell,philadelphia
steven,adams,oklahoma
sterling,brown,milwaukee
taurean,prince,atlanta
stanley,johnson,detroit
skal,labissiere,sacramento
sindarius,thornwell,los angeles
shelvin,mack,orlando
shaquille,harrison,phoenix
shane,larkin,boston
shabazz,napier,portland
spencer,dinwiddie, brooklyn
terrance,ferguson,oklahoma
terrence,ross,orlando
terry,rozier,boston
trevor,booker,indiana
trevor,ariza,houston
travis,wear,los angeles
torrey,craig,denver
tony,snell,milwaukee
tony,bradley,utah
tobias,harris,los angeles
timothe,luwawu-cabarrot,philadelphia
timofey,mozgov, brooklyn
tim,quarterman,houston
thon,maker,milwaukee
thomas,bryant,los angeles
thaddeus,young,indiana
thabo,sefolosha,utah
matthew,dellavedova,milwaukee
matt,williams jr.,miami
treveon,graham,charlotte
mason,plumlee,denver
joe,young,indiana
joe,johnson,houston
joe,ingles,utah
joe,harris, brooklyn
jimmy,butler,minnesota
jerryd,bayless,philadelphia
joel,bolomboy,utah
jerian,grant,chicago
jeremy,lamb,charlotte
jeremy,evans,atlanta
jerami,grant,oklahoma
jeff,withey,dallas
jeff,teague,minnesota
jeff,green,cleveland
jayson,tatum,boston
jaylen,morris,atlanta
jeremy,lin, brooklyn
jaylen,brown,boston
joel,embiid,philadelphia
john,collins,atlanta
josh,hart,los angeles
josh,gray,phoenix
jose,calderon,cleveland
jordan,mickey,miami
jordan,clarkson,cleveland
jonathon,simmons,orlando
jonathan,isaac,orlando
jonas,valanciunas,toronto
jonas,jerebko,utah
jon,leuer,detroit
johnny,o'bryant iii,charlotte
johnathan,motley,dallas
john,holland,cleveland
john,henson,milwaukee
jonathan,gibson,boston
josh,huestis,oklahoma
jawun,evans,los angeles
jacob,pullen,philadelphia
jack,cooley,sacramento
jabari,parker,milwaukee
jabari,bird,boston
jamychal,green,memphis
jakarr,sampson,sacramento
jr,smith,cleveland
jacob,wiley, brooklyn
jj,redick,philadelphia
ivica,zubac,los angeles
ivan,rabb,memphis
ish,smith,detroit
isaiah,whitehead, brooklyn
isaiah,thomas,los angeles
isaiah,taylor,atlanta
j.j.,barea,dallas
jason,terry,milwaukee
jae,crowder,utah
jake,layman,portland
jarrett,allen, brooklyn
jarell,martin,memphis
jarell,eddie,chicago
jared,dudley,phoenix
jamil,wilson,los angeles
james,young,philadelphia
james,webb iii, brooklyn
jahlil,okafor, brooklyn
james,michael mcadoo,philadelphia
james,harden,houston
james,ennis iii,detroit
jamel,artis,orlando
jameer,nelson,detroit
jameel,warney,dallas
jamal,murray,denver
jalen,jones,dallas
jakob,poeltl,toronto
james,johnson,miami
josh,jackson,phoenix
jamal,crawford,minnesota
josh,mcroberts,dallas
malcolm,brogdon,milwaukee
malachi,richardson,toronto
luol,deng,los angeles
luke,kennard,detroit
luke,babbitt,miami
luis,montero,detroit
lucas,nogueira,toronto
malcolm,delaney,atlanta
luc,mbah a moute,houston
lorenzo,brown,toronto
lonzo,ball,los angeles
lebron,james,cleveland
lauri,markkanen,chicago
larry,nance jr.,cleveland
langston,galloway,detroit
lou,williams,los angeles
malcolm,miller,toronto
malik,beasley,denver
malik,monk,charlotte
marshall,plumlee,milwaukee
marvin,williams,charlotte
josh,magette,atlanta
marreese,speights,orlando
marquis,teague,memphis
marquese,chriss,phoenix
markelle,fultz,philadelphia
markel,brown,houston
mario,chalmers,memphis
marcus,smart,boston
marcus,paige,charlotte
marcus,morris sr.,boston
marcus,georges-hunt,minnesota
marc,gasol,memphis
marshon,brooks,memphis
mangok,mathiang,charlotte
lance,stephenson,indiana
marco,belinelli,philadelphia
kyrie,irving,boston
kemba,walker,charlotte
kelly,olynyk,miami
kay,felder,detroit
karl-anthony,towns,minnesota
kadeem,allen,boston
jusuf,nurkic,portland
justise,winslow,miami
justin,patton,minnesota
justin,holiday,chicago
justin,anderson,philadelphia
julyan,stone,charlotte
julius,randle,los angeles
juancho,hernangomez,denver
josh,richardson,miami
kendrick,perkins,cleveland
kenneth,faried,denver
justin,jackson,sacramento
kentavious,caldwell-pope,los angeles
kyle,lowry,toronto
kent,bazemore,atlanta
kyle,singler,oklahoma
kyle,kuzma,los angeles
kyle,korver,cleveland
kris,dunn,chicago
kyle,collinsworth,dallas
kobi,simmons,memphis
khris,middleton,milwaukee
khem,birch,orlando
kosta,koufos,sacramento
kevin,love,cleveland
isaiah,briscoe,orlando
goran,dragic,miami
glenn,robinson iii,detroit
gerald,green,houston
georges,niang,utah
george,king,phoenix
gary,trent jr.,portland
gordon,hayward,boston
george,hill,milwaukee
giannis,antetokounmpo,milwaukee
gorgui,dieng,minnesota
haywood,highsmith,philadelphia
greg,monroe,philadelphia
guerschon,yabusele,boston
hamidou,diallo,oklahoma
harrison,barnes,sacramento
harry,giles iii,sacramento
hassan,whiteside,miami
ike,anigbogu,indiana
iman,shumpert,houston
gary,harris,denver
isaac,bonga,los angeles
isaac,humphries,atlanta
grayson,allen,utah
gary,clark,houston
ekpe,udoh,utah
furkan,korkmaz,philadelphia
isaiah,canaan,milwaukee
duncan,robinson,miami
dusty,hannahs,memphis
dwayne,bacon,charlotte
dwight,powell,dallas
dwyane,wade,miami
dzanan,musa, brooklyn
ed,davis, brooklyn
edmond,sumner,indiana
elie,okobo,phoenix
emanuel,terry,miami
enes,kanter,portland
eric,bledsoe,milwaukee
eric,gordon,houston
eric,moreland,toronto
ersan,ilyasova,milwaukee
evan,fournier,orlando
evan,turner,portland
frank,kaminsky,charlotte
frank,mason,sacramento
fred,vanvleet,toronto
garrett,temple,los angeles
isaiah,hartenstein,houston
jemerrio,jones,los angeles
isaiah,thomas,denver
jaylen,adams,atlanta
jaylen,brown,boston
jaylen,morris,milwaukee
jayson,tatum,boston
jeff,teague,minnesota
jerami,grant,oklahoma
jeremy,lamb,charlotte
jeremy,lin,toronto
jerian,grant,orlando
jerome,robinson,los angeles
jerryd,bayless,minnesota
jevon,carter,memphis
jimmer,fredette,phoenix
jimmy,butler,philadelphia
joakim,noah,memphis
jodie,meeks,toronto
joe,chealey,charlotte
joe,harris, brooklyn
joe,ingles,utah
joel,embiid,philadelphia
john,collins,atlanta
john,henson,cleveland
john,holland,cleveland
johnathan,motley,los angeles
dragan,bender,phoenix
johnathan,williams,los angeles
jawun,evans,oklahoma
jarred,vanderbilt,denver
ish,smith,detroit
ivan,rabb,memphis
ivica,zubac,los angeles
j.j.,barea,dallas
j.p.,macura,charlotte
jj,redick,philadelphia
jr,smith,cleveland
jakarr,sampson,chicago
jamychal,green,los angeles
javale,mcgee,los angeles
jae,crowder,utah
jake,layman,portland
jalen,brunson,dallas
jalen,jones,cleveland
jamal,crawford,phoenix
jamal,murray,denver
james,ennis iii,philadelphia
james,harden,houston
james,johnson,miami
james,nunnally,houston
jared,dudley, brooklyn
jared,terrell,minnesota
jarell,martin,orlando
jaren,jackson jr.,memphis
jaron,blossomgame,cleveland
jarrett,allen, brooklyn
doug,mcdermott,indiana
bruce,brown,detroit
donte,grantham,oklahoma
bogdan,bogdanovic,sacramento
bojan,bogdanovic,indiana
bonzie,colson,milwaukee
brad,wanamaker,boston
brandon,goodwin,denver
brandon,ingram,los angeles
brandon,knight,cleveland
brandon,sampson,chicago
brook,lopez,milwaukee
bruno,caboclo,memphis
buddy,hield,sacramento
c.j.,williams,minnesota
cj,miles,memphis
caleb,swanigan,sacramento
cameron,payne,cleveland
cameron,reynolds,minnesota
caris,levert, brooklyn
carmelo,anthony,houston
cedi,osman,cleveland
chandler,hutchison,chicago
chandler,parsons,memphis
channing,frye,cleveland
cj,mccollum,portland
boban,marjanovic,philadelphia
blake,griffin,detroit
bismack,biyombo,charlotte
jon,leuer,detroit
alex,len,atlanta
alex,poythress,atlanta
alize,johnson,indiana
allen,crabbe, brooklyn
amile,jefferson,orlando
amir,johnson,philadelphia
andre,drummond,detroit
andre,ingram,los angeles
andrew,wiggins,minnesota
anfernee,simons,portland
angel,delgado,los angeles
ante,zizic,cleveland
anthony,tolliver,minnesota
antonio,blakeney,chicago
aron,baynes,boston
austin,rivers,houston
avery,bradley,memphis
bj,johnson,sacramento
bam,adebayo,miami
ben,mclemore,sacramento
ben,simmons,philadelphia
chris,boucher,toronto
chris,chiozza,houston
chris,paul,houston
deandre',bembry,atlanta
demarre,carroll, brooklyn
devaughn,akoon-purcell,denver
deandre,ayton,phoenix
delon,wright,memphis
demetrius,jackson,philadelphia
deng,adel,cleveland
dennis,schroder,oklahoma
deonte,burton,oklahoma
derrick,favors,utah
derrick,jones jr.,miami
derrick,rose,minnesota
devin,booker,phoenix
devin,harris,dallas
devonte',graham,charlotte
dewayne,dedmon,atlanta
deyonta,davis,atlanta
dillon,brooks,memphis
dion,waiters,miami
dirk,nowitzki,dallas
domantas,sabonis,indiana
donovan,mitchell,utah
donte,divincenzo,milwaukee
dorian,finney-smith,dallas
de'anthony,melton,phoenix
davon,reed,indiana
clint,capela,houston
cody,zeller,charlotte
collin,sexton,cleveland
corey,brewer,sacramento
cory,joseph,indiana
courtney,lee,dallas
cristiano,felicio,chicago
d'angelo,russell, brooklyn
d.j.,augustin,orlando
d.j.,wilson,milwaukee
dj,stephens,memphis
damian,lillard,portland
daniel,hamilton,atlanta
daniel,theis,boston
danilo,gallinari,los angeles
danny,green,toronto
dante,exum,utah
danuel,house jr.,houston
dario,saric,minnesota
darren,collison,indiana
daryl,macon,dallas
david,nwaba,cleveland
de'aaron,fox,sacramento
jonah,bolden,philadelphia
seth,curry,portland
jonas,valanciunas,memphis
ryan,anderson,miami
ryan,arcidiacono,chicago
ryan,broekhoff,dallas
salah,mejri,dallas
scott,machado,los angeles
semi,ojeleye,boston
serge,ibaka,toronto
alex,caruso,los angeles
shabazz,napier, brooklyn
shai,gilgeous-alexander,los angeles
shake,milton,philadelphia
shaquille,harrison,chicago
russell,westbrook,oklahoma
sindarius,thornwell,los angeles
skal,labissiere,portland
spencer,dinwiddie, brooklyn
sterling,brown,milwaukee
steven,adams,oklahoma
svi,mykhailiuk,detroit
t.j.,mcconnell,philadelphia
t.j.,warren,phoenix
tj,leaf,indiana
tahjere,mccall, brooklyn
shelvin,mack,charlotte
rudy,gobert,utah
royce,o'neale,utah
pat,connaughton,milwaukee
patrick,beverley,los angeles
patrick,mccaw,toronto
patrick,patterson,oklahoma
pau,gasol,milwaukee
paul,george,oklahoma
paul,millsap,denver
quincy,acy,phoenix
rj,hunter,boston
rajon,rondo,los angeles
raul,neto,utah
rawle,alkins,chicago
ray,spalding,phoenix
raymond,felton,oklahoma
reggie,bullock,los angeles
reggie,jackson,detroit
richaun,holmes,phoenix
ricky,rubio,utah
robert,covington,minnesota
robert,williams iii,boston
robin,lopez,chicago
rodions,kurucs, brooklyn
rodney,hood,portland
rodney,mcgruder,los angeles
rondae,hollis-jefferson, brooklyn
taj,gibson,minnesota
taurean,prince,atlanta
terrance,ferguson,oklahoma
terrence,jones,houston
tyler,ulis,chicago
tyler,zeller,memphis
tyreke,evans,indiana
tyrone,wallace,los angeles
tyson,chandler,los angeles
tyus,jones,minnesota
udonis,haslem,miami
victor,oladipo,indiana
vince,carter,atlanta
vincent,edwards,houston
wade,baldwin iv,portland
walt,lemon jr.,chicago
wayne,ellington,detroit
wayne,selden,chicago
wendell,carter jr.,chicago
wes,iwundu,orlando
wesley,matthews,indiana
will,barton,denver
willie,cauley-stein,sacramento
willy,hernangomez,charlotte
wilson,chandler,los angeles
yante,maten,miami
yogi,ferrell,sacramento
yuta,watanabe,memphis
zach,collins,portland
zach,lavine,chicago
zach,lofton,detroit
zaza,pachulia,detroit
tyler,lydon,denver
pascal,siakam,toronto
tyler,johnson,phoenix
tyler,davis,oklahoma
terrence,ross,orlando
terry,rozier,boston
thabo,sefolosha,utah
thaddeus,young,indiana
theo,pinson, brooklyn
thomas,welsh,denver
thon,maker,detroit
tim,frazier,milwaukee
tim,hardaway jr.,dallas
timothe,luwawu-cabarrot,chicago
tobias,harris,philadelphia
tony,bradley,utah
tony,parker,charlotte
tony,snell,milwaukee
torrey,craig,denver
trae,young,atlanta
treveon,graham, brooklyn
trevon,duval,houston
trey,burke,dallas
trey,lyles,denver
tristan,thompson,cleveland
troy,caupain,orlando
troy,daniels,phoenix
troy,williams,sacramento
tyler,cavanaugh,utah
tyler,dorsey,memphis
pj,dozier,boston
otto,porter jr.,chicago
kentavious,caldwell-pope,los angeles
kevin,huerter,atlanta
kevin,love,cleveland
khem,birch,orlando
khris,middleton,milwaukee
khyri,thomas,detroit
kobi,simmons,cleveland
kosta,koufos,sacramento
kostas,antetokounmpo,dallas
kent,bazemore,atlanta
kris,dunn,chicago
kyle,korver,utah
kyle,kuzma,los angeles
kyle,lowry,toronto
kyle,o'quinn,indiana
kyrie,irving,boston
lance,stephenson,los angeles
landry,shamet,los angeles
langston,galloway,detroit
larry,nance jr.,cleveland
lauri,markkanen,chicago
lebron,james,los angeles
kyle,anderson,memphis
kenneth,faried,houston
kemba,walker,charlotte
jonathan,isaac,orlando
jonathon,simmons,philadelphia
jordan,clarkson,cleveland
jordan,loyd,toronto
jordan,sibert,atlanta
jose,calderon,detroit
josh,hart,los angeles
josh,jackson,phoenix
josh,okogie,minnesota
josh,richardson,miami
juancho,hernangomez,denver
julian,washburn,memphis
justin,anderson,atlanta
justin,holiday,memphis
justin,jackson,dallas
justin,patton,philadelphia
justise,winslow,miami
jusuf,nurkic,portland
kalin,lucas,detroit
karl-anthony,towns,minnesota
kawhi,leonard,toronto
keita,bates-diop,minnesota
kelly,olynyk,miami
kelly,oubre jr.,phoenix
lonzo,ball,los angeles
lorenzo,brown,toronto
lou,williams,los angeles
mike,conley,memphis
mike,muscala,los angeles
mike,scott,philadelphia
miles,bridges,charlotte
miles,plumlee,atlanta
milos,teodosic,los angeles
mitchell,creek,minnesota
mo,bamba,orlando
monte,morris,denver
montrezl,harrell,los angeles
moritz,wagner,los angeles
myles,turner,indiana
naz,mitrou-long,utah
nemanja,bjelica,sacramento
nene,nan,houston
nerlens,noel,oklahoma
nick,young,denver
nicolas,batum,charlotte
nik,stauskas,cleveland
nikola,jokic,denver
nikola,mirotic,milwaukee
nikola,vucevic,orlando
norman,powell,toronto
og,anunoby,toronto
omari,spellman,atlanta
omri,casspi,memphis
mikal,bridges,phoenix
p.j.,tucker,houston
michael,kidd-gilchrist,charlotte
michael,beasley,los angeles
luc,mbah a moute,los angeles
luka,doncic,dallas
luke,kennard,detroit
luol,deng,minnesota
malachi,richardson,toronto
malcolm,brogdon,milwaukee
malcolm,miller,toronto
malik,beasley,denver
malik,monk,charlotte
marshon,brooks,memphis
marc,gasol,toronto
marcin,gortat,los angeles
marcus,morris sr.,boston
marcus,smart,boston
markelle,fultz,orlando
markieff,morris,oklahoma
marquese,chriss,cleveland
marvin,bagley iii,sacramento
marvin,williams,charlotte
mason,plumlee,denver
matthew,dellavedova,cleveland
maurice,harkless,portland
maxi,kleber,dallas
melvin,frazier jr.,orlando
meyers,leonard,portland
michael,carter-williams,orlando
alex,abrines,oklahoma
zhou,qi,houston
alan,williams, brooklyn
al-farouq,aminu,portland
al,horford,boston
abdel,nader,oklahoma
aaron,holiday,indiana
aaron,gordon,orlando
alec,burks,sacramento
zhaire,smith,philadelphia
georges,niang,utah
george,hill,milwaukee
gary,trent jr.,portland
gary,harris,denver
garrett,temple, brooklyn
giannis,antetokounmpo,milwaukee
gabe,vincent,miami
furkan,korkmaz,philadelphia
fred,vanvleet,toronto
gary,clark,orlando
glenn,robinson iii,philadelphia
gordon,hayward,boston
goran,dragic,miami
gorgui,dieng,memphis
grant,williams,boston
grayson,allen,memphis
hamidou,diallo,oklahoma
harrison,barnes,sacramento
harry,giles iii,sacramento
hassan,whiteside,portland
henry,ellenson, brooklyn
iman,shumpert, brooklyn
goga,bitadze,indiana
frank,mason,milwaukee
evan,fournier,orlando
donovan,mitchell,utah
donta,hall,detroit
donte,divincenzo,milwaukee
dorian,finney-smith,dallas
doug,mcdermott,indiana
duncan,robinson,miami
dusty,hannahs,memphis
dwayne,bacon,charlotte
dwight,howard,los angeles
dwight,powell,dallas
frank,kaminsky,phoenix
dzanan,musa, brooklyn
ed,davis,utah
edmond,sumner,indiana
elie,okobo,phoenix
emmanuel,mudiay,utah
enes,kanter,boston
eric,bledsoe,milwaukee
eric,gordon,houston
eric,mika,sacramento
ersan,ilyasova,milwaukee
evan,turner,minnesota
isaiah,hartenstein,houston
ivica,zubac,los angeles
jaylen,hoard,portland
jaylen,nowell,minnesota
jayson,tatum,boston
jeff,green,houston
jeff,teague,atlanta
jerami,grant,denver
jeremiah,martin, brooklyn
jeremy,lamb,indiana
jevon,carter,phoenix
jimmy,butler,miami
joe,chealey,charlotte
jaylen,brown,boston
joe,harris, brooklyn
joel,embiid,philadelphia
john,collins,atlanta
john,henson,detroit
john,konchar,memphis
johnathan,motley,los angeles
jonah,bolden,phoenix
jonas,valanciunas,memphis
jonathan,isaac,orlando
jordan,bell,memphis
jordan,bone,detroit
jordan,clarkson,utah
jordan,mclaughlin,minnesota
joe,ingles,utah
javonte,green,boston
jarrod,uthoff,memphis
domantas,sabonis,indiana
j.j.,barea,dallas
j.p.,macura,cleveland
ja,morant,memphis
jakarr,sampson,indiana
jamychal,green,los angeles
javale,mcgee,los angeles
jabari,parker,sacramento
jacob,evans,minnesota
jae,crowder,miami
jake,layman,minnesota
jalen,brunson,dallas
jalen,lecque,phoenix
jalen,mcdaniels,charlotte
jamal,murray,denver
james,ennis iii,orlando
james,harden,houston
james,johnson,minnesota
jared,dudley,los angeles
jared,harper,phoenix
jaren,jackson jr.,memphis
jarred,vanderbilt,minnesota
jarrell,brantley,utah
jarrett,allen, brooklyn
jarrett,culver,minnesota
isaiah,roby,oklahoma
dion,waiters,los angeles
dewan,hernandez,toronto
dewayne,dedmon,atlanta
bismack,biyombo,charlotte
blake,griffin,detroit
boban,marjanovic,dallas
bogdan,bogdanovic,sacramento
bojan,bogdanovic,utah
brad,wanamaker,boston
brandon,clarke,memphis
brandon,goodwin,atlanta
brandon,knight,detroit
brian,bowen ii,indiana
ben,simmons,philadelphia
brook,lopez,milwaukee
bruno,caboclo,houston
bruno,fernando,atlanta
buddy,hield,sacramento
cj,mccollum,portland
caleb,martin,charlotte
caleb,swanigan,portland
cam,reddish,atlanta
cameron,johnson,phoenix
caris,levert, brooklyn
carmelo,anthony,portland
carsen,edwards,boston
bruce,brown,detroit
ben,mclemore,houston
bam,adebayo,miami
bj,johnson,orlando
aaron,gordon,orlando
aaron,holiday,indiana
abdel,nader,oklahoma
adam,mokoka,chicago
al,horford,philadelphia
al-farouq,aminu,orlando
alec,burks,philadelphia
alex,caruso,los angeles
alex,len,sacramento
alfonzo,mckinnie,cleveland
alize,johnson,indiana
allen,crabbe,minnesota
amile,jefferson,orlando
amir,coffey,los angeles
andre,drummond,cleveland
andre,iguodala,miami
anfernee,simons,portland
ante,zizic,cleveland
anthony,davis,los angeles
anthony,tolliver,memphis
antonius,cleveland,dallas
aron,baynes,phoenix
austin,rivers,houston
avery,bradley,los angeles
cedi,osman,cleveland
dillon,brooks,memphis
chandler,hutchison,chicago
charles,brown jr.,atlanta
darius,garland,cleveland
daryl,macon,miami
david,nwaba, brooklyn
de'aaron,fox,sacramento
de'andre,hunter,atlanta
de'anthony,melton,memphis
deandre,jordan, brooklyn
deandre',bembry,atlanta
demarre,carroll,houston
dean,wade,cleveland
deandre,ayton,phoenix
darius,bazley,oklahoma
dennis,schroder,oklahoma
denzel,valentine,chicago
deonte,burton,oklahoma
derrick,jones jr.,miami
derrick,rose,detroit
derrick,walton jr.,detroit
devin,booker,phoenix
devon,hall,oklahoma
devonte',graham,charlotte
jordan,mcrae,detroit
delon,wright,dallas
dario,saric,phoenix
danuel,house jr.,houston
dante,exum,cleveland
cheick,diallo,phoenix
chris,boucher,toronto
chris,chiozza, brooklyn
chris,clemons,houston
chris,paul,oklahoma
chris,silva,miami
christian,wood,detroit
clint,capela,atlanta
coby,white,chicago
cody,martin,charlotte
cody,zeller,charlotte
collin,sexton,cleveland
cory,joseph,sacramento
courtney,lee,dallas
cristiano,felicio,chicago
d'angelo,russell,minnesota
d.j.,augustin,orlando
d.j.,wilson,milwaukee
daquan,jeffries,sacramento
damian,jones,atlanta
damian,lillard,portland
daniel,gafford,chicago
daniel,theis,boston
danilo,gallinari,oklahoma
danny,green,los angeles
chandler,parsons,atlanta
josh,magette,orlando
royce,o'neale,utah
rudy,gobert,utah
russell,westbrook,houston
ryan,anderson,houston
ryan,arcidiacono,chicago
ryan,broekhoff,dallas
sekou,doumbouya,detroit
semi,ojeleye,boston
serge,ibaka,toronto
seth,curry,dallas
rondae,hollis-jefferson,toronto
shai,gilgeous-alexander,oklahoma
shamorie,ponds,toronto
shaquille,harrison,chicago
skal,labissiere,atlanta
solomon,hill,miami
spencer,dinwiddie, brooklyn
stanley,johnson,toronto
stanton,kidd,utah
sterling,brown,milwaukee
steven,adams,oklahoma
svi,mykhailiuk,detroit
t.j.,mcconnell,indiana
t.j.,warren,indiana
shake,milton,philadelphia
tj,leaf,indiana
romeo,langford,boston
rodney,hood,portland
oshae,brissett,toronto
otto,porter jr.,chicago
p.j.,tucker,houston
p.j.,washington,charlotte
pj,dozier,denver
pascal,siakam,toronto
pat,connaughton,milwaukee
patrick,beverley,los angeles
patrick,mccaw,toronto
patrick,patterson,los angeles
paul,george,los angeles
paul,millsap,denver
rodney,mcgruder,los angeles
paul,watson,toronto
rajon,rondo,los angeles
raul,neto,philadelphia
rayjon,tucker,utah
reggie,jackson,los angeles
richaun,holmes,sacramento
ricky,rubio,phoenix
robert,covington,houston
robert,williams iii,boston
robin,lopez,milwaukee
rodions,kurucs, brooklyn
quinn,cook,los angeles
tacko,fall,boston
talen,horton-tucker,los angeles
tyler,johnson,phoenix
tyrone,wallace,atlanta
tyson,chandler,houston
tyus,jones,memphis
udonis,haslem,miami
vic,law,orlando
victor,oladipo,indiana
vince,carter,atlanta
vincent,poirier,boston
vlatko,cancar,denver
wendell,carter jr.,chicago
wenyen,gabriel,portland
tyler,herro,miami
wes,iwundu,orlando
will,barton,denver
william,howard,houston
willie,cauley-stein,dallas
willy,hernangomez,charlotte
wilson,chandler, brooklyn
yogi,ferrell,sacramento
yuta,watanabe,memphis
zach,collins,portland
zach,lavine,chicago
zhaire,smith,philadelphia
wesley,matthews,milwaukee
tyler,cook,cleveland
ty,jerome,phoenix
troy,daniels,denver
tariq,owens,phoenix
taurean,prince, brooklyn
terance,mann,los angeles
terence,davis,toronto
terrance,ferguson,oklahoma
terrence,ross,orlando
terry,rozier,charlotte
thabo,sefolosha,houston
thaddeus,young,chicago
thanasis,antetokounmpo,milwaukee
theo,pinson, brooklyn
thon,maker,detroit
tim,frazier,detroit
tim,hardaway jr.,dallas
timothe,luwawu-cabarrot, brooklyn
tobias,harris,philadelphia
tomas,satoransky,chicago
tony,bradley,utah
tony,snell,detroit
torrey,craig,denver
trae,young,atlanta
tremont,waters,boston
treveon,graham,atlanta
trevor,ariza,portland
trey,burke,philadelphia
tristan,thompson,cleveland
omari,spellman,minnesota
og,anunoby,toronto
norman,powell,toronto
kevin,huerter,atlanta
kevin,love,cleveland
kevin,porter jr.,cleveland
khem,birch,orlando
khris,middleton,milwaukee
khyri,thomas,detroit
kostas,antetokounmpo,los angeles
kris,dunn,chicago
kristaps,porzingis,dallas
kyle,anderson,memphis
kevin,hervey,oklahoma
kyle,guy,sacramento
kyle,kuzma,los angeles
kyle,lowry,toronto
kyle,o'quinn,philadelphia
kyrie,irving, brooklyn
landry,shamet,los angeles
langston,galloway,detroit
larry,nance jr.,cleveland
lauri,markkanen,chicago
lebron,james,los angeles
lou,williams,los angeles
kyle,korver,milwaukee
louis,king,detroit
kentavious,caldwell-pope,los angeles
josh,jackson,memphis
josh,okogie,minnesota
josh,reaves,dallas
josh,richardson,philadelphia
juancho,hernangomez,minnesota
justin,anderson, brooklyn
justin,holiday,indiana
justin,jackson,dallas
justin,james,sacramento
justin,patton,oklahoma
kent,bazemore,sacramento
justise,winslow,memphis
juwan,morgan,utah
kz,okpala,miami
karl-anthony,towns,minnesota
kawhi,leonard,los angeles
keita,bates-diop,denver
kelan,martin,minnesota
kelly,olynyk,miami
kelly,oubre jr.,phoenix
kemba,walker,boston
kendrick,nunn,miami
justin,wright-foreman,utah
luguentz,dort,oklahoma
luka,doncic,dallas
michael,porter jr.,denver
mikal,bridges,phoenix
mike,conley,utah
mike,muscala,oklahoma
mike,scott,philadelphia
miles,bridges,charlotte
miye,oni,utah
mo,bamba,orlando
monte,morris,denver
montrezl,harrell,los angeles
moses,brown,portland
michael,kidd-gilchrist,dallas
nassir,little,portland
naz,mitrou-long,indiana
naz,reid,minnesota
nemanja,bjelica,sacramento
nerlens,noel,oklahoma
nicolas,batum,charlotte
nicolas,claxton, brooklyn
nigel,williams-goss,utah
nikola,jokic,denver
nikola,vucevic,orlando
noah,vonleh,denver
myles,turner,indiana
michael,frazier,houston
michael,carter-williams,orlando
mfiondu,kabengele,los angeles
luke,kennard,detroit
luke,kornet,chicago
malcolm,brogdon,indiana
malcolm,miller,toronto
malik,beasley,minnesota
malik,monk,charlotte
malik,newman,cleveland
marc,gasol,toronto
marcus,morris sr.,los angeles
marcus,smart,boston
marial,shayok,philadelphia
mario,hezonja,portland
markelle,fultz,orlando
markieff,morris,los angeles
marko,guduric,memphis
marques,bolden,cleveland
marvin,bagley iii,sacramento
marvin,williams,milwaukee
mason,plumlee,denver
matisse,thybulle,philadelphia
matt,mooney,cleveland
matthew,dellavedova,cleveland
max,strus,chicago
maxi,kleber,dallas
melvin,frazier jr.,orlando
meyers,leonard,miami
norvel,pelle,philadelphia
matt,thomas,toronto
